section_id,label,sort_order,height_m2,distance_m
A5-01,Section 1,1,0,0
A5-01,Section 1,1,0,1
A5-01,Section 1,1,0,2
A5-01,Section 1,1,0,3
A5-01,Section 1,1,0,4
A5-01,Section 1,1,0,5
A5-01,Section 1,1,0,6
A5-01,Section 1,1,0,7
A5-01,Section 1,1,0,8
A5-01,Section 1,1,0,9
A5-01,Section 1,1,0,10
A5-01,Section 1,1,0,11
A5-01,Section 1,1,0,12
A5-01,Section 1,1,0,13
A5-01,Section 1,1,0,14
A5-01,Section 1,1,0,15
A5-01,Section 1,1,0,16
A5-01,Section 1,1,0,17
A5-01,Section 1,1,0,18
A5-01,Section 1,1,0,19
A5-01,Section 1,1,10.76,20
A5-01,Section 1,1,10,21
A5-01,Section 1,1,13.19,22
A5-01,Section 1,1,12.95,23
A5-01,Section 1,1,13.53,24
A5-01,Section 1,1,13.79,25
A5-01,Section 1,1,12.88,26
A5-01,Section 1,1,12.07,27
A5-01,Section 1,1,11.15,28
A5-01,Section 1,1,7.87,29
A5-01,Section 1,1,7.55,30
A5-01,Section 1,1,3.31,31
A5-01,Section 1,1,3.21,32
A5-01,Section 1,1,3.13,33
A5-01,Section 1,1,3.06,34
A5-01,Section 1,1,2.99,35
A5-01,Section 1,1,2.97,36
A5-01,Section 1,1,2.9,37
A5-01,Section 1,1,2.82,38
A5-01,Section 1,1,2.76,39
A5-01,Section 1,1,2.7,40
A5-01,Section 1,1,2.65,41
A5-01,Section 1,1,2.6,42
A5-01,Section 1,1,2.55,43
A5-01,Section 1,1,2.48,44
A5-01,Section 1,1,2.42,45
A5-01,Section 1,1,2.39,46
A5-01,Section 1,1,2.33,47
A5-01,Section 1,1,2.29,48
A5-01,Section 1,1,2.25,49
A5-01,Section 1,1,2.18,50
A5-01,Section 1,1,2.13,51
A5-01,Section 1,1,2.07,52
A5-01,Section 1,1,2.03,53
A5-01,Section 1,1,2,54
A5-01,Section 1,1,1.99,55
A5-01,Section 1,1,1.97,56
A5-01,Section 1,1,1.94,57
A5-01,Section 1,1,1.9,58
A5-01,Section 1,1,1.87,59
A5-01,Section 1,1,1.83,60
A5-01,Section 1,1,1.79,61
A5-01,Section 1,1,1.79,62
A5-01,Section 1,1,1.75,63
A5-01,Section 1,1,1.74,64
A5-01,Section 1,1,1.73,65
A5-01,Section 1,1,1.74,66
A5-01,Section 1,1,1.73,67
A5-01,Section 1,1,1.72,68
A5-01,Section 1,1,1.72,69
A5-01,Section 1,1,1.7,70
A5-01,Section 1,1,1.68,71
A5-01,Section 1,1,1.69,72
A5-01,Section 1,1,1.68,73
A5-01,Section 1,1,1.67,74
A5-01,Section 1,1,1.67,75
A5-01,Section 1,1,1.67,76
A5-01,Section 1,1,1.64,77
A5-01,Section 1,1,1.63,78
A5-01,Section 1,1,1.62,79
A5-01,Section 1,1,1.62,80
A5-01,Section 1,1,1.63,81
A5-01,Section 1,1,1.6,82
A5-01,Section 1,1,1.61,83
A5-01,Section 1,1,1.57,84
A5-01,Section 1,1,1.58,85
A5-01,Section 1,1,1.56,86
A5-01,Section 1,1,1.56,87
A5-01,Section 1,1,1.59,88
A5-01,Section 1,1,1.56,89
A5-01,Section 1,1,1.56,90
A5-01,Section 1,1,1.56,91
A5-01,Section 1,1,1.55,92
A5-01,Section 1,1,1.55,93
A5-01,Section 1,1,1.52,94
A5-01,Section 1,1,1.52,95
A5-01,Section 1,1,1.53,96
A5-01,Section 1,1,1.51,97
A5-01,Section 1,1,1.51,98
A5-01,Section 1,1,1.5,99
A5-01,Section 1,1,1.5,100
A5-01,Section 1,1,1.49,101
A5-01,Section 1,1,1.47,102
A5-01,Section 1,1,1.47,103
A5-01,Section 1,1,1.44,104
A5-01,Section 1,1,1.41,105
A5-01,Section 1,1,1.38,106
A5-01,Section 1,1,1.36,107
A5-01,Section 1,1,1.34,108
A5-01,Section 1,1,1.31,109
A5-01,Section 1,1,1.28,110
A5-01,Section 1,1,1.25,111
A5-01,Section 1,1,1.21,112
A5-01,Section 1,1,1.18,113
A5-01,Section 1,1,1.14,114
A5-01,Section 1,1,1.1,115
A5-01,Section 1,1,1.06,116
A5-01,Section 1,1,1.02,117
A5-01,Section 1,1,0.99,118
A5-01,Section 1,1,0.96,119
A5-01,Section 1,1,0.91,120
A5-01,Section 1,1,0.85,121
A5-01,Section 1,1,0.79,122
A5-01,Section 1,1,0.75,123
A5-01,Section 1,1,0.73,124
A5-01,Section 1,1,0.74,125
A5-01,Section 1,1,0.68,126
A5-01,Section 1,1,0.57,127
A5-01,Section 1,1,0.5,128
A5-01,Section 1,1,0.44,129
A5-01,Section 1,1,0.39,130
A5-01,Section 1,1,0.33,131
A5-01,Section 1,1,0.28,132
A5-01,Section 1,1,0.25,133
A5-01,Section 1,1,0.2,134
A5-01,Section 1,1,0.16,135
A5-01,Section 1,1,0.11,136
A5-01,Section 1,1,0.09,137
A5-01,Section 1,1,0.03,138
A5-01,Section 1,1,0,139
A5-01,Section 1,1,-0.06,140
A5-01,Section 1,1,-0.09,141
A5-01,Section 1,1,-0.13,142
A5-01,Section 1,1,-0.16,143
A5-01,Section 1,1,-0.19,144
A5-01,Section 1,1,-0.22,145
A5-01,Section 1,1,-0.24,146
A5-01,Section 1,1,-0.27,147
A5-01,Section 1,1,-0.3,148
A5-01,Section 1,1,-0.35,149
A5-01,Section 1,1,-0.38,150
A5-01,Section 1,1,-0.39,151
A5-01,Section 1,1,-0.41,152
A5-01,Section 1,1,-0.44,153
A5-01,Section 1,1,-0.47,154
A5-01,Section 1,1,-0.48,155
A5-01,Section 1,1,-0.54,156
A5-01,Section 1,1,-0.58,157
A5-01,Section 1,1,-0.61,158
A5-01,Section 1,1,-0.62,159
A5-01,Section 1,1,-0.66,160
A5-01,Section 1,1,-0.67,161
A5-01,Section 1,1,-0.69,162
A5-01,Section 1,1,-0.71,163
A5-01,Section 1,1,-0.75,164
A5-01,Section 1,1,-0.75,165
A5-01,Section 1,1,-0.78,166
A5-01,Section 1,1,-0.8,167
A5-01,Section 1,1,-0.82,168
A5-01,Section 1,1,-0.84,169
A5-01,Section 1,1,-0.85,170
A5-01,Section 1,1,-0.87,171
A5-01,Section 1,1,-0.88,172
A5-01,Section 1,1,-0.89,173
A5-01,Section 1,1,-0.89,174
A5-01,Section 1,1,-0.89,175
A5-01,Section 1,1,-0.91,176
A5-01,Section 1,1,-0.93,177
A5-01,Section 1,1,-0.95,178
A5-01,Section 1,1,-0.99,179
A5-01,Section 1,1,-1.02,180
A5-01,Section 1,1,-1.06,181
A5-01,Section 1,1,-1.11,182
A5-01,Section 1,1,-1.15,183
A5-01,Section 1,1,-1.21,184
A5-01,Section 1,1,-1.27,185
A5-01,Section 1,1,-1.35,186
A5-01,Section 1,1,-1.45,187
A5-01,Section 1,1,-1.55,188
A5-01,Section 1,1,-1.66,189
A5-01,Section 1,1,-1.77,190
A5-01,Section 1,1,-1.88,191
A5-01,Section 1,1,-2.02,192
A5-01,Section 1,1,-2.19,193
A5-01,Section 1,1,-2.41,194
A5-01,Section 1,1,-2.76,195
A5-01,Section 1,1,-3,196
A5-01,Section 1,1,-2.87,197
A5-01,Section 1,1,-3.57,198
A5-01,Section 1,1,-3.54,199
A5-01,Section 1,1,-4.42,200
A5-01,Section 1,1,-3.97,201
A5-01,Section 1,1,-3.98,202
A5-01,Section 1,1,-3.29,203
A5-01,Section 1,1,-3.68,204
A5-01,Section 1,1,-3.29,205
A5-01,Section 1,1,-3.69,206
A5-01,Section 1,1,-3.77,207
A5-01,Section 1,1,-3.46,208
A5-01,Section 1,1,-3.68,209
A5-01,Section 1,1,-3.95,210
A5-01,Section 1,1,-3.15,211
A5-01,Section 1,1,-3,212
A5-01,Section 1,1,-3.12,213
A5-01,Section 1,1,-3.14,214
A5-01,Section 1,1,-3.21,215
A5-01,Section 1,1,-2.51,216
A5-01,Section 1,1,-3.02,217
A5-01,Section 1,1,-2.89,218
A5-01,Section 1,1,-2.86,219
A5-01,Section 1,1,-2.85,220
A5-01,Section 1,1,-2.81,221
A5-01,Section 1,1,-2.77,222
A5-01,Section 1,1,-2.68,223
A5-01,Section 1,1,-2.65,224
A5-01,Section 1,1,-2.59,225
A5-01,Section 1,1,-2.54,226
A5-01,Section 1,1,-2.48,227
A5-01,Section 1,1,-2.44,228
A5-01,Section 1,1,-2.41,229
A5-01,Section 1,1,-2.4,230
A5-01,Section 1,1,-2.36,231
A5-01,Section 1,1,-2.35,232
A5-01,Section 1,1,-2.31,233
A5-01,Section 1,1,-2.29,234
A5-01,Section 1,1,-2.26,235
A5-01,Section 1,1,-2.23,236
A5-01,Section 1,1,-2.21,237
A5-01,Section 1,1,-2.21,238
A5-01,Section 1,1,-2.17,239
A5-01,Section 1,1,-2.17,240
A5-01,Section 1,1,-2.13,241
A5-01,Section 1,1,-2.13,242
A5-01,Section 1,1,-2.11,243
A5-01,Section 1,1,-2.07,244
A5-01,Section 1,1,-2.06,245
A5-01,Section 1,1,-2.04,246
A5-01,Section 1,1,-2.06,247
A5-01,Section 1,1,-2.02,248
A5-01,Section 1,1,-1.97,249
A5-01,Section 1,1,-1.92,250
A5-01,Section 1,1,-1.89,251
A5-01,Section 1,1,-1.89,252
A5-01,Section 1,1,-1.89,253
A5-01,Section 1,1,-1.88,254
A5-01,Section 1,1,-1.89,255
A5-01,Section 1,1,-1.88,256
A5-01,Section 1,1,-1.89,257
A5-01,Section 1,1,-1.88,258
A5-01,Section 1,1,-1.89,259
A5-01,Section 1,1,-1.9,260
A5-01,Section 1,1,-1.91,261
A5-01,Section 1,1,-1.94,262
A5-01,Section 1,1,-1.99,263
A5-01,Section 1,1,-2.05,264
A5-01,Section 1,1,-2.1,265
A5-01,Section 1,1,-2.12,266
A5-01,Section 1,1,-2.1,267
A5-01,Section 1,1,-2.03,268
A5-01,Section 1,1,-1.99,269
A5-01,Section 1,1,-2,270
A5-01,Section 1,1,-2.05,271
A5-01,Section 1,1,-2.11,272
A5-01,Section 1,1,-2.16,273
A5-01,Section 1,1,-2.18,274
A5-01,Section 1,1,-2.16,275
A5-01,Section 1,1,-2.16,276
A5-01,Section 1,1,-2.15,277
A5-01,Section 1,1,-2.17,278
A5-01,Section 1,1,-2.21,279
A5-01,Section 1,1,-2.25,280
A5-01,Section 1,1,-2.28,281
A5-01,Section 1,1,-2.36,282
A5-01,Section 1,1,-2.44,283
A5-01,Section 1,1,-2.54,284
A5-01,Section 1,1,-2.65,285
A5-01,Section 1,1,-2.8,286
A5-01,Section 1,1,-2.93,287
A5-01,Section 1,1,-2.97,288
A5-01,Section 1,1,-3.35,289
A5-01,Section 1,1,-3.42,290
A5-01,Section 1,1,-3.65,291
A5-01,Section 1,1,-3.53,292
A5-01,Section 1,1,-3.23,293
A5-01,Section 1,1,-3.34,294
A5-01,Section 1,1,-3.08,295
A5-01,Section 1,1,-2.96,296
A5-01,Section 1,1,-2.95,297
A5-01,Section 1,1,-2.95,298
A5-01,Section 1,1,-2.93,299
A5-01,Section 1,1,-2.94,300
A5-01,Section 1,1,-2.9,301
A5-01,Section 1,1,-2.9,302
A5-01,Section 1,1,-2.91,303
A5-01,Section 1,1,-2.95,304
A5-01,Section 1,1,-2.91,305
A5-01,Section 1,1,-2.98,306
A5-01,Section 1,1,-2.94,307
A5-01,Section 1,1,-3.04,308
A5-01,Section 1,1,-3,309
A5-01,Section 1,1,-2.99,310
A5-01,Section 1,1,-2.94,311
A5-01,Section 1,1,-2.94,312
A5-01,Section 1,1,-2.94,313
A5-01,Section 1,1,-2.93,314
A5-01,Section 1,1,-2.94,315
A5-01,Section 1,1,-2.96,316
A5-01,Section 1,1,-3.03,317
A5-01,Section 1,1,-3.09,318
A5-01,Section 1,1,-3.08,319
A5-01,Section 1,1,-3.01,320
A5-01,Section 1,1,-2.9,321
A5-01,Section 1,1,-2.98,322
A5-01,Section 1,1,-3.01,323
A5-01,Section 1,1,-3.02,324
A5-01,Section 1,1,-3.01,325
A5-01,Section 1,1,-2.98,326
A5-01,Section 1,1,-2.93,327
A5-01,Section 1,1,-2.88,328
A5-01,Section 1,1,-2.87,329
A5-01,Section 1,1,-2.87,330
A5-01,Section 1,1,-2.89,331
A5-01,Section 1,1,-2.89,332
A5-01,Section 1,1,-2.88,333
A5-01,Section 1,1,-2.84,334
A5-01,Section 1,1,-2.84,335
A5-01,Section 1,1,-2.82,336
A5-01,Section 1,1,-2.8,337
A5-01,Section 1,1,-2.78,338
A5-01,Section 1,1,-2.76,339
A5-01,Section 1,1,-2.75,340
A5-01,Section 1,1,-2.74,341
A5-01,Section 1,1,-2.72,342
A5-01,Section 1,1,-2.72,343
A5-01,Section 1,1,-2.72,344
A5-01,Section 1,1,-2.71,345
A5-01,Section 1,1,-2.71,346
A5-01,Section 1,1,-2.71,347
A5-01,Section 1,1,-2.68,348
A5-01,Section 1,1,-2.67,349
A5-01,Section 1,1,-2.68,350
A5-01,Section 1,1,-2.66,351
A5-01,Section 1,1,-2.64,352
A5-01,Section 1,1,-2.63,353
A5-01,Section 1,1,-2.61,354
A5-01,Section 1,1,-2.62,355
A5-01,Section 1,1,-2.61,356
A5-01,Section 1,1,-2.61,357
A5-01,Section 1,1,-2.63,358
A5-01,Section 1,1,-2.63,359
A5-01,Section 1,1,-2.65,360
A5-01,Section 1,1,-2.65,361
A5-01,Section 1,1,-2.65,362
A5-01,Section 1,1,-2.67,363
A5-01,Section 1,1,-2.69,364
A5-01,Section 1,1,-2.73,365
A5-01,Section 1,1,-2.71,366
A5-01,Section 1,1,-2.74,367
A5-01,Section 1,1,-2.76,368
A5-01,Section 1,1,-2.78,369
A5-01,Section 1,1,-2.82,370
A5-01,Section 1,1,-2.84,371
A5-01,Section 1,1,-2.84,372
A5-01,Section 1,1,-2.88,373
A5-01,Section 1,1,-3.06,374
A5-01,Section 1,1,-3.13,375
A5-01,Section 1,1,-3.16,376
A5-01,Section 1,1,-3.53,377
A5-01,Section 1,1,-3.35,378
A5-01,Section 1,1,-3.89,379
A5-01,Section 1,1,-3.24,380
A5-01,Section 1,1,-3.33,381
A5-01,Section 1,1,-2.95,382
A5-01,Section 1,1,-2.86,383
A5-01,Section 1,1,-3.63,384
A5-01,Section 1,1,-3.58,385
A5-01,Section 1,1,-3.27,386
A5-01,Section 1,1,-3.39,387
A5-01,Section 1,1,-3.32,388
A5-01,Section 1,1,-2.92,389
A5-01,Section 1,1,-3.08,390
A5-01,Section 1,1,-2.79,391
A5-01,Section 1,1,-2.9,392
A5-01,Section 1,1,-2.88,393
A5-01,Section 1,1,-2.81,394
A5-01,Section 1,1,-2.85,395
A5-01,Section 1,1,-2.86,396
A5-01,Section 1,1,-2.82,397
A5-01,Section 1,1,-2.75,398
A5-01,Section 1,1,-2.75,399
A5-01,Section 1,1,-2.72,400
A5-01,Section 1,1,-2.73,401
A5-01,Section 1,1,-2.76,402
A5-01,Section 1,1,-2.8,403
A5-01,Section 1,1,-2.83,404
A5-01,Section 1,1,-2.82,405
A5-01,Section 1,1,-2.81,406
A5-01,Section 1,1,-2.77,407
A5-01,Section 1,1,-2.68,408
A5-01,Section 1,1,-2.61,409
A5-01,Section 1,1,-2.53,410
A5-01,Section 1,1,-2.5,411
A5-01,Section 1,1,-2.54,412
A5-01,Section 1,1,-2.46,413
A5-01,Section 1,1,-2.39,414
A5-01,Section 1,1,-2.38,415
A5-01,Section 1,1,-2.35,416
A5-01,Section 1,1,-2.34,417
A5-01,Section 1,1,-2.36,418
A5-01,Section 1,1,-2.35,419
A5-01,Section 1,1,-2.31,420
A5-01,Section 1,1,-2.3,421
A5-01,Section 1,1,-2.29,422
A5-01,Section 1,1,-2.28,423
A5-01,Section 1,1,-2.3,424
A5-01,Section 1,1,-2.3,425
A5-01,Section 1,1,-2.41,426
A5-01,Section 1,1,-2.45,427
A5-01,Section 1,1,-2.47,428
A5-01,Section 1,1,-2.45,429
A5-01,Section 1,1,-2.36,430
A5-01,Section 1,1,-2.31,431
A5-01,Section 1,1,-2.25,432
A5-01,Section 1,1,-2.27,433
A5-01,Section 1,1,-2.3,434
A5-01,Section 1,1,-2.2,435
A5-01,Section 1,1,-2.23,436
A5-01,Section 1,1,-2.18,437
A5-01,Section 1,1,-2.13,438
A5-01,Section 1,1,-1.93,439
A5-01,Section 1,1,-1.9,440
A5-01,Section 1,1,-1.77,441
A5-01,Section 1,1,-1.72,442
A5-01,Section 1,1,-1.66,443
A5-01,Section 1,1,-1.6,444
A5-01,Section 1,1,-1.55,445
A5-01,Section 1,1,-1.49,446
A5-01,Section 1,1,-1.45,447
A5-01,Section 1,1,-1.43,448
A5-01,Section 1,1,-1.42,449
A5-01,Section 1,1,-1.37,450
A5-01,Section 1,1,-1.29,451
A5-01,Section 1,1,-1.26,452
A5-01,Section 1,1,-1.25,453
A5-01,Section 1,1,-1.22,454
A5-01,Section 1,1,-1.16,455
A5-01,Section 1,1,-1.02,456
A5-01,Section 1,1,-0.86,457
A5-01,Section 1,1,-0.79,458
A5-01,Section 1,1,-0.66,459
A5-01,Section 1,1,-0.54,460
A5-01,Section 1,1,-0.41,461
A5-01,Section 1,1,-0.28,462
A5-01,Section 1,1,-0.16,463
A5-01,Section 1,1,0,464
A5-01,Section 1,1,0.08,465
A5-01,Section 1,1,0.04,466
A5-01,Section 1,1,0.03,467
A5-01,Section 1,1,-0.02,468
A5-01,Section 1,1,0,469
A5-01,Section 1,1,0.05,470
A5-01,Section 1,1,0.12,471
A5-01,Section 1,1,0.16,472
A5-01,Section 1,1,0.17,473
A5-01,Section 1,1,0.15,474
A5-01,Section 1,1,0.11,475
A5-01,Section 1,1,0.13,476
A5-01,Section 1,1,0.17,477
A5-01,Section 1,1,0.18,478
A5-01,Section 1,1,0.13,479
A5-01,Section 1,1,0.13,480
A5-01,Section 1,1,0.12,481
A5-01,Section 1,1,0.08,482
A5-01,Section 1,1,0,483
A5-01,Section 1,1,0.03,484
A5-01,Section 1,1,0.12,485
A5-01,Section 1,1,0.15,486
A5-01,Section 1,1,0.2,487
A5-01,Section 1,1,0.24,488
A5-01,Section 1,1,0.23,489
A5-01,Section 1,1,0.25,490
A5-01,Section 1,1,0.27,491
A5-01,Section 1,1,0.28,492
A5-01,Section 1,1,0.26,493
A5-01,Section 1,1,0.26,494
A5-01,Section 1,1,0.3,495
A5-01,Section 1,1,0.3,496
A5-01,Section 1,1,0.3,497
A5-01,Section 1,1,0.28,498
A5-01,Section 1,1,0.18,499
A5-01,Section 1,1,0.21,500
A5-01,Section 1,1,0.16,501
A5-01,Section 1,1,0.16,502
A5-01,Section 1,1,0.11,503
A5-01,Section 1,1,0.06,504
A5-01,Section 1,1,0.01,505
A5-01,Section 1,1,-0.01,506
A5-01,Section 1,1,-0.03,507
A5-01,Section 1,1,-0.02,508
A5-01,Section 1,1,0.02,509
A5-01,Section 1,1,0.1,510
A5-01,Section 1,1,0.2,511
A5-01,Section 1,1,0.22,512
A5-01,Section 1,1,0.2,513
A5-01,Section 1,1,0.18,514
A5-01,Section 1,1,0.18,515
A5-01,Section 1,1,0.13,516
A5-01,Section 1,1,0.14,517
A5-01,Section 1,1,0.15,518
A5-01,Section 1,1,0.17,519
A5-01,Section 1,1,0.2,520
A5-01,Section 1,1,0.21,521
A5-01,Section 1,1,0.18,522
A5-01,Section 1,1,0.12,523
A5-01,Section 1,1,0.06,524
A5-01,Section 1,1,0.13,525
A5-01,Section 1,1,0.08,526
A5-01,Section 1,1,0.14,527
A5-01,Section 1,1,0.13,528
A5-01,Section 1,1,0.08,529
A5-01,Section 1,1,0.09,530
A5-01,Section 1,1,0.06,531
A5-01,Section 1,1,0,532
A5-01,Section 1,1,-0.04,533
A5-01,Section 1,1,0.02,534
A5-01,Section 1,1,0.07,535
A5-01,Section 1,1,0.04,536
A5-01,Section 1,1,-0.04,537
A5-01,Section 1,1,-0.06,538
A5-01,Section 1,1,-0.06,539
A5-01,Section 1,1,-0.05,540
A5-01,Section 1,1,-0.01,541
A5-01,Section 1,1,-0.02,542
A5-01,Section 1,1,-0.06,543
A5-01,Section 1,1,-0.05,544
A5-01,Section 1,1,0.02,545
A5-01,Section 1,1,0.09,546
A5-01,Section 1,1,0.08,547
A5-01,Section 1,1,0.08,548
A5-01,Section 1,1,0.09,549
A5-01,Section 1,1,0.08,550
A5-01,Section 1,1,0.04,551
A5-01,Section 1,1,0,552
A5-01,Section 1,1,-0.07,553
A5-01,Section 1,1,-0.09,554
A5-01,Section 1,1,-0.11,555
A5-01,Section 1,1,-0.02,556
A5-01,Section 1,1,-0.02,557
A5-01,Section 1,1,-0.05,558
A5-01,Section 1,1,-0.1,559
A5-01,Section 1,1,-0.09,560
A5-01,Section 1,1,-0.05,561
A5-01,Section 1,1,0.02,562
A5-01,Section 1,1,0.1,563
A5-01,Section 1,1,0.09,564
A5-01,Section 1,1,0.04,565
A5-01,Section 1,1,-0.06,566
A5-01,Section 1,1,-0.07,567
A5-01,Section 1,1,-0.06,568
A5-01,Section 1,1,-0.06,569
A5-01,Section 1,1,-0.06,570
A5-01,Section 1,1,-0.13,571
A5-01,Section 1,1,-0.14,572
A5-01,Section 1,1,-0.09,573
A5-01,Section 1,1,-0.05,574
A5-01,Section 1,1,-0.06,575
A5-01,Section 1,1,-0.08,576
A5-01,Section 1,1,-0.08,577
A5-01,Section 1,1,-0.08,578
A5-01,Section 1,1,-0.08,579
A5-01,Section 1,1,-0.08,580
A5-01,Section 1,1,-0.16,581
A5-01,Section 1,1,-0.22,582
A5-01,Section 1,1,-0.21,583
A5-01,Section 1,1,-0.05,584
A5-01,Section 1,1,-0.07,585
A5-01,Section 1,1,-0.19,586
A5-01,Section 1,1,-0.22,587
A5-01,Section 1,1,-0.22,588
A5-01,Section 1,1,-0.19,589
A5-01,Section 1,1,-0.24,590
A5-01,Section 1,1,-0.1,591
A5-01,Section 1,1,-0.19,592
A5-01,Section 1,1,-0.25,593
A5-01,Section 1,1,-0.3,594
A5-01,Section 1,1,-0.29,595
A5-01,Section 1,1,-0.41,596
A5-01,Section 1,1,-0.33,597
A5-01,Section 1,1,-0.33,598
A5-01,Section 1,1,-0.31,599
A5-01,Section 1,1,-0.3,600
A5-01,Section 1,1,-0.35,601
A5-01,Section 1,1,-0.38,602
A5-01,Section 1,1,-0.44,603
A5-01,Section 1,1,-0.36,604
A5-01,Section 1,1,-0.26,605
A5-01,Section 1,1,-0.26,606
A5-01,Section 1,1,-0.35,607
A5-01,Section 1,1,-0.37,608
A5-01,Section 1,1,-0.4,609
A5-01,Section 1,1,-0.42,610
A5-01,Section 1,1,-0.36,611
A5-01,Section 1,1,-0.36,612
A5-01,Section 1,1,-0.43,613
A5-01,Section 1,1,-0.46,614
A5-01,Section 1,1,-0.35,615
A5-01,Section 1,1,-0.23,616
A5-01,Section 1,1,-0.26,617
A5-01,Section 1,1,-0.36,618
A5-01,Section 1,1,-0.34,619
A5-01,Section 1,1,-0.34,620
A5-01,Section 1,1,-0.45,621
A5-01,Section 1,1,-0.51,622
A5-01,Section 1,1,-0.58,623
A5-01,Section 1,1,-0.39,624
A5-01,Section 1,1,-0.33,625
A5-01,Section 1,1,-0.28,626
A5-01,Section 1,1,-0.35,627
A5-01,Section 1,1,-0.43,628
A5-01,Section 1,1,-0.41,629
A5-01,Section 1,1,-0.47,630
A5-01,Section 1,1,-0.47,631
A5-01,Section 1,1,-0.32,632
A5-01,Section 1,1,-0.27,633
A5-01,Section 1,1,-0.43,634
A5-01,Section 1,1,-0.36,635
A5-01,Section 1,1,-0.39,636
A5-01,Section 1,1,-0.39,637
A5-01,Section 1,1,-0.41,638
A5-01,Section 1,1,-0.3,639
A5-01,Section 1,1,-0.36,640
A5-01,Section 1,1,-0.46,641
A5-01,Section 1,1,-0.45,642
A5-01,Section 1,1,-0.44,643
A5-01,Section 1,1,-0.36,644
A5-01,Section 1,1,-0.43,645
A5-01,Section 1,1,-0.45,646
A5-01,Section 1,1,-0.46,647
A5-01,Section 1,1,-0.46,648
A5-01,Section 1,1,-0.38,649
A5-01,Section 1,1,-0.35,650
A5-01,Section 1,1,-0.36,651
A5-01,Section 1,1,-0.41,652
A5-01,Section 1,1,-0.38,653
A5-01,Section 1,1,-0.41,654
A5-01,Section 1,1,-0.47,655
A5-01,Section 1,1,-0.45,656
A5-01,Section 1,1,-0.39,657
A5-01,Section 1,1,-0.36,658
A5-01,Section 1,1,-0.54,659
A5-01,Section 1,1,-0.58,660
A5-01,Section 1,1,-0.45,661
A5-01,Section 1,1,-0.41,662
A5-01,Section 1,1,-0.46,663
A5-01,Section 1,1,-0.45,664
A5-01,Section 1,1,-0.45,665
A5-01,Section 1,1,-0.47,666
A5-01,Section 1,1,-0.39,667
A5-01,Section 1,1,-0.4,668
A5-01,Section 1,1,-0.38,669
A5-01,Section 1,1,-0.41,670
A5-01,Section 1,1,-0.43,671
A5-01,Section 1,1,-0.52,672
A5-01,Section 1,1,-0.57,673
A5-01,Section 1,1,-0.47,674
A5-01,Section 1,1,-0.45,675
A5-01,Section 1,1,-0.38,676
A5-01,Section 1,1,-0.44,677
A5-01,Section 1,1,-0.4,678
A5-01,Section 1,1,-0.33,679
A5-01,Section 1,1,-0.44,680
A5-01,Section 1,1,-0.52,681
A5-01,Section 1,1,-0.67,682
A5-01,Section 1,1,-0.53,683
A5-01,Section 1,1,-0.41,684
A5-01,Section 1,1,-0.46,685
A5-01,Section 1,1,-0.56,686
A5-01,Section 1,1,-0.58,687
A5-01,Section 1,1,-0.5,688
A5-01,Section 1,1,-0.48,689
A5-01,Section 1,1,-0.42,690
A5-01,Section 1,1,-0.35,691
A5-01,Section 1,1,-0.42,692
A5-01,Section 1,1,-0.5,693
A5-01,Section 1,1,-0.46,694
A5-01,Section 1,1,-0.47,695
A5-01,Section 1,1,-0.46,696
A5-01,Section 1,1,-0.42,697
A5-01,Section 1,1,-0.42,698
A5-01,Section 1,1,-0.35,699
A5-01,Section 1,1,-0.39,700
A5-01,Section 1,1,-0.49,701
A5-01,Section 1,1,-0.48,702
A5-01,Section 1,1,-0.41,703
A5-01,Section 1,1,-0.34,704
A5-01,Section 1,1,-0.36,705
A5-01,Section 1,1,-0.37,706
A5-01,Section 1,1,-0.33,707
A5-01,Section 1,1,-0.39,708
A5-01,Section 1,1,-0.42,709
A5-01,Section 1,1,-0.43,710
A5-01,Section 1,1,-0.36,711
A5-01,Section 1,1,-0.39,712
A5-01,Section 1,1,-0.31,713
A5-01,Section 1,1,-0.29,714
A5-01,Section 1,1,-0.31,715
A5-01,Section 1,1,-0.4,716
A5-01,Section 1,1,-0.49,717
A5-01,Section 1,1,-0.44,718
A5-01,Section 1,1,-0.34,719
A5-01,Section 1,1,-0.31,720
A5-01,Section 1,1,-0.29,721
A5-01,Section 1,1,-0.38,722
A5-01,Section 1,1,-0.46,723
A5-01,Section 1,1,-0.53,724
A5-01,Section 1,1,-0.44,725
A5-01,Section 1,1,-0.3,726
A5-01,Section 1,1,-0.37,727
A5-01,Section 1,1,-0.42,728
A5-01,Section 1,1,-0.43,729
A5-01,Section 1,1,-0.43,730
A5-01,Section 1,1,-0.33,731
A5-01,Section 1,1,-0.36,732
A5-01,Section 1,1,-0.3,733
A5-01,Section 1,1,-0.27,734
A5-01,Section 1,1,-0.26,735
A5-01,Section 1,1,-0.32,736
A5-01,Section 1,1,-0.35,737
A5-01,Section 1,1,-0.43,738
A5-01,Section 1,1,-0.35,739
A5-01,Section 1,1,-0.34,740
A5-01,Section 1,1,-0.47,741
A5-01,Section 1,1,-0.35,742
A5-01,Section 1,1,-0.25,743
A5-01,Section 1,1,-0.18,744
A5-01,Section 1,1,-0.19,745
A5-01,Section 1,1,-0.18,746
A5-01,Section 1,1,-0.27,747
A5-01,Section 1,1,-0.24,748
A5-01,Section 1,1,-0.29,749
A5-01,Section 1,1,-0.13,750
A5-01,Section 1,1,-0.17,751
A5-01,Section 1,1,-0.06,752
A5-01,Section 1,1,-0.03,753
A5-01,Section 1,1,-0.02,754
A5-01,Section 1,1,-0.09,755
A5-01,Section 1,1,-0.04,756
A5-01,Section 1,1,-0.16,757
A5-01,Section 1,1,-0.06,758
A5-01,Section 1,1,0.06,759
A5-01,Section 1,1,0.02,760
A5-01,Section 1,1,0.02,761
A5-01,Section 1,1,0.04,762
A5-01,Section 1,1,-0.02,763
A5-01,Section 1,1,-0.04,764
A5-01,Section 1,1,-0.22,765
A5-01,Section 1,1,-0.13,766
A5-01,Section 1,1,0.04,767
A5-01,Section 1,1,0.1,768
A5-01,Section 1,1,0.1,769
A5-01,Section 1,1,0.01,770
A5-01,Section 1,1,0.08,771
A5-01,Section 1,1,0.05,772
A5-01,Section 1,1,0.01,773
A5-01,Section 1,1,0.05,774
A5-01,Section 1,1,0.07,775
A5-01,Section 1,1,-0.15,776
A5-01,Section 1,1,-0.12,777
A5-01,Section 1,1,0.1,778
A5-01,Section 1,1,0.05,779
A5-01,Section 1,1,0.13,780
A5-01,Section 1,1,0.06,781
A5-01,Section 1,1,0.05,782
A5-01,Section 1,1,0.03,783
A5-01,Section 1,1,0.08,784
A5-01,Section 1,1,0.07,785
A5-01,Section 1,1,0.17,786
A5-01,Section 1,1,0.24,787
A5-01,Section 1,1,0.26,788
A5-01,Section 1,1,0.3,789
A5-01,Section 1,1,0.27,790
A5-01,Section 1,1,0.21,791
A5-01,Section 1,1,0.19,792
A5-01,Section 1,1,0.25,793
A5-01,Section 1,1,0.25,794
A5-01,Section 1,1,0.24,795
A5-01,Section 1,1,0.15,796
A5-01,Section 1,1,0.15,797
A5-01,Section 1,1,0.22,798
A5-01,Section 1,1,0.27,799
A5-01,Section 1,1,0.23,800
A5-01,Section 1,1,0.25,801
A5-01,Section 1,1,0.15,802
A5-01,Section 1,1,0.22,803
A5-01,Section 1,1,0.23,804
A5-01,Section 1,1,0.2,805
A5-01,Section 1,1,0.14,806
A5-01,Section 1,1,0.19,807
A5-01,Section 1,1,0.29,808
A5-01,Section 1,1,0.37,809
A5-01,Section 1,1,0.36,810
A5-01,Section 1,1,0.29,811
A5-01,Section 1,1,0.33,812
A5-01,Section 1,1,0.27,813
A5-01,Section 1,1,0.2,814
A5-01,Section 1,1,0.19,815
A5-01,Section 1,1,0.26,816
A5-01,Section 1,1,0.26,817
A5-01,Section 1,1,0.24,818
A5-01,Section 1,1,0.15,819
A5-01,Section 1,1,0.36,820
A5-01,Section 1,1,0.35,821
A5-01,Section 1,1,0.27,822
A5-01,Section 1,1,0.31,823
A5-01,Section 1,1,0.31,824
A5-01,Section 1,1,0.21,825
A5-01,Section 1,1,0.17,826
A5-01,Section 1,1,0.19,827
A5-01,Section 1,1,0.24,828
A5-01,Section 1,1,0.17,829
A5-01,Section 1,1,0.21,830
A5-01,Section 1,1,0.15,831
A5-01,Section 1,1,0.32,832
A5-01,Section 1,1,0.29,833
A5-01,Section 1,1,0.37,834
A5-01,Section 1,1,0.29,835
A5-01,Section 1,1,0.32,836
A5-01,Section 1,1,0.24,837
A5-01,Section 1,1,0.39,838
A5-01,Section 1,1,0.38,839
A5-01,Section 1,1,0.27,840
A5-01,Section 1,1,0.16,841
A5-01,Section 1,1,0.18,842
A5-01,Section 1,1,0.18,843
A5-01,Section 1,1,0.2,844
A5-01,Section 1,1,0.15,845
A5-01,Section 1,1,0.16,846
A5-01,Section 1,1,0.26,847
A5-01,Section 1,1,0.3,848
A5-01,Section 1,1,0.31,849
A5-01,Section 1,1,0.3,850
A5-01,Section 1,1,0.26,851
A5-01,Section 1,1,0.16,852
A5-01,Section 1,1,0.16,853
A5-01,Section 1,1,0.21,854
A5-01,Section 1,1,0.12,855
A5-01,Section 1,1,0.1,856
A5-01,Section 1,1,0.22,857
A5-01,Section 1,1,0.28,858
A5-01,Section 1,1,0.26,859
A5-01,Section 1,1,0.17,860
A5-01,Section 1,1,0.25,861
A5-01,Section 1,1,0.16,862
A5-01,Section 1,1,0.22,863
A5-01,Section 1,1,0.19,864
A5-01,Section 1,1,0.07,865
A5-01,Section 1,1,0.23,866
A5-01,Section 1,1,0.2,867
A5-01,Section 1,1,0.04,868
A5-01,Section 1,1,0.15,869
A5-01,Section 1,1,0.07,870
A5-01,Section 1,1,0.22,871
A5-01,Section 1,1,0.22,872
A5-01,Section 1,1,0.22,873
A5-01,Section 1,1,0.26,874
A5-01,Section 1,1,0.22,875
A5-01,Section 1,1,0.15,876
A5-01,Section 1,1,0.02,877
A5-01,Section 1,1,-0.1,878
A5-01,Section 1,1,0.03,879
A5-01,Section 1,1,0.14,880
A5-01,Section 1,1,0.19,881
A5-01,Section 1,1,0.18,882
A5-01,Section 1,1,0.1,883
A5-01,Section 1,1,-0.02,884
A5-01,Section 1,1,0.13,885
A5-01,Section 1,1,0.14,886
A5-01,Section 1,1,0.21,887
A5-01,Section 1,1,0.17,888
A5-01,Section 1,1,0.01,889
A5-01,Section 1,1,0,890
A5-01,Section 1,1,0.04,891
A5-01,Section 1,1,-0.07,892
A5-01,Section 1,1,-0.05,893
A5-01,Section 1,1,0.14,894
A5-01,Section 1,1,0.12,895
A5-01,Section 1,1,0.09,896
A5-01,Section 1,1,0.07,897
A5-01,Section 1,1,0.05,898
A5-01,Section 1,1,0.11,899
A5-01,Section 1,1,0.08,900
A5-01,Section 1,1,0,901
A5-01,Section 1,1,-0.2,902
A5-01,Section 1,1,0,903
A5-01,Section 1,1,-0.17,904
A5-01,Section 1,1,-0.2,905
A5-01,Section 1,1,-0.08,906
A5-01,Section 1,1,0.02,907
A5-01,Section 1,1,-0.05,908
A5-01,Section 1,1,0.04,909
A5-01,Section 1,1,0,910
A5-01,Section 1,1,-0.26,911
A5-01,Section 1,1,-0.02,912
A5-01,Section 1,1,-0.03,913
A5-01,Section 1,1,-0.04,914
A5-01,Section 1,1,-0.13,915
A5-01,Section 1,1,-0.15,916
A5-01,Section 1,1,-0.03,917
A5-01,Section 1,1,-0.04,918
A5-01,Section 1,1,-0.05,919
A5-01,Section 1,1,-0.15,920
A5-01,Section 1,1,-0.17,921
A5-01,Section 1,1,-0.2,922
A5-01,Section 1,1,-0.3,923
A5-01,Section 1,1,-0.24,924
A5-01,Section 1,1,-0.26,925
A5-01,Section 1,1,-0.25,926
A5-01,Section 1,1,-0.26,927
A5-01,Section 1,1,-0.23,928
A5-01,Section 1,1,-0.25,929
A5-01,Section 1,1,-0.18,930
A5-01,Section 1,1,-0.2,931
A5-01,Section 1,1,-0.16,932
A5-01,Section 1,1,-0.26,933
A5-01,Section 1,1,-0.31,934
A5-01,Section 1,1,-0.32,935
A5-01,Section 1,1,-0.26,936
A5-01,Section 1,1,-0.38,937
A5-01,Section 1,1,-0.29,938
A5-01,Section 1,1,-0.4,939
A5-01,Section 1,1,-0.41,940
A5-01,Section 1,1,-0.42,941
A5-01,Section 1,1,-0.43,942
A5-01,Section 1,1,-0.33,943
A5-01,Section 1,1,-0.35,944
A5-01,Section 1,1,-0.42,945
A5-01,Section 1,1,-0.45,946
A5-01,Section 1,1,-0.4,947
A5-01,Section 1,1,-0.43,948
A5-01,Section 1,1,-0.47,949
A5-01,Section 1,1,-0.41,950
A5-01,Section 1,1,-0.31,951
A5-01,Section 1,1,-0.38,952
A5-01,Section 1,1,-0.52,953
A5-01,Section 1,1,-0.45,954
A5-01,Section 1,1,-0.5,955
A5-01,Section 1,1,-0.53,956
A5-01,Section 1,1,-0.44,957
A5-01,Section 1,1,-0.48,958
A5-01,Section 1,1,-0.47,959
A5-01,Section 1,1,-0.47,960
A5-01,Section 1,1,-0.56,961
A5-01,Section 1,1,-0.63,962
A5-01,Section 1,1,-0.64,963
A5-01,Section 1,1,0,964
A5-01,Section 1,1,0,965
A5-01,Section 1,1,0,966
A5-01,Section 1,1,0,967
A5-01,Section 1,1,0,968
A5-01,Section 1,1,0,969
A5-01,Section 1,1,0,970
A5-01,Section 1,1,0,971
A5-01,Section 1,1,0,972
A5-01,Section 1,1,0,973
A5-01,Section 1,1,0,974
A5-01,Section 1,1,0,975
A5-01,Section 1,1,0,976
A5-01,Section 1,1,0,977
A5-01,Section 1,1,0,978
A5-01,Section 1,1,0,979
A5-01,Section 1,1,0,980
A5-01,Section 1,1,0,981
A5-01,Section 1,1,0,982
A5-01,Section 1,1,0,983
A5-01,Section 1,1,0,984
A5-01,Section 1,1,0,985
A5-01,Section 1,1,0,986
A5-01,Section 1,1,0,987
A5-01,Section 1,1,0,988
A5-02,Section 2,2,0,0
A5-02,Section 2,2,0,1
A5-02,Section 2,2,0,2
A5-02,Section 2,2,0,3
A5-02,Section 2,2,0,4
A5-02,Section 2,2,0,5
A5-02,Section 2,2,0,6
A5-02,Section 2,2,0,7
A5-02,Section 2,2,0,8
A5-02,Section 2,2,0,9
A5-02,Section 2,2,0,10
A5-02,Section 2,2,0,11
A5-02,Section 2,2,9.44,12
A5-02,Section 2,2,9.44,13
A5-02,Section 2,2,9.47,14
A5-02,Section 2,2,9.47,15
A5-02,Section 2,2,9.55,16
A5-02,Section 2,2,9.5,17
A5-02,Section 2,2,9.52,18
A5-02,Section 2,2,9.46,19
A5-02,Section 2,2,9.49,20
A5-02,Section 2,2,9.47,21
A5-02,Section 2,2,9.45,22
A5-02,Section 2,2,9.48,23
A5-02,Section 2,2,9.48,24
A5-02,Section 2,2,9.47,25
A5-02,Section 2,2,9.54,26
A5-02,Section 2,2,9.54,27
A5-02,Section 2,2,9.45,28
A5-02,Section 2,2,9.45,29
A5-02,Section 2,2,9.21,30
A5-02,Section 2,2,9.14,31
A5-02,Section 2,2,9.15,32
A5-02,Section 2,2,9.14,33
A5-02,Section 2,2,9.07,34
A5-02,Section 2,2,9.03,35
A5-02,Section 2,2,8.62,36
A5-02,Section 2,2,8.37,37
A5-02,Section 2,2,8.2,38
A5-02,Section 2,2,8.1,39
A5-02,Section 2,2,7.98,40
A5-02,Section 2,2,8.08,41
A5-02,Section 2,2,7.94,42
A5-02,Section 2,2,6.98,43
A5-02,Section 2,2,4.16,44
A5-02,Section 2,2,3.92,45
A5-02,Section 2,2,3.66,46
A5-02,Section 2,2,3.46,47
A5-02,Section 2,2,3.35,48
A5-02,Section 2,2,3.23,49
A5-02,Section 2,2,3.13,50
A5-02,Section 2,2,3.03,51
A5-02,Section 2,2,2.92,52
A5-02,Section 2,2,2.82,53
A5-02,Section 2,2,2.74,54
A5-02,Section 2,2,2.68,55
A5-02,Section 2,2,2.55,56
A5-02,Section 2,2,2.47,57
A5-02,Section 2,2,2.41,58
A5-02,Section 2,2,2.32,59
A5-02,Section 2,2,2.24,60
A5-02,Section 2,2,2.18,61
A5-02,Section 2,2,2.11,62
A5-02,Section 2,2,2.04,63
A5-02,Section 2,2,1.95,64
A5-02,Section 2,2,1.86,65
A5-02,Section 2,2,1.78,66
A5-02,Section 2,2,1.72,67
A5-02,Section 2,2,1.63,68
A5-02,Section 2,2,1.6,69
A5-02,Section 2,2,1.59,70
A5-02,Section 2,2,1.58,71
A5-02,Section 2,2,1.62,72
A5-02,Section 2,2,1.58,73
A5-02,Section 2,2,1.56,74
A5-02,Section 2,2,1.42,75
A5-02,Section 2,2,1.37,76
A5-02,Section 2,2,1.37,77
A5-02,Section 2,2,1.32,78
A5-02,Section 2,2,1.25,79
A5-02,Section 2,2,1.27,80
A5-02,Section 2,2,1.19,81
A5-02,Section 2,2,1.26,82
A5-02,Section 2,2,1.26,83
A5-02,Section 2,2,1.26,84
A5-02,Section 2,2,1.3,85
A5-02,Section 2,2,1.37,86
A5-02,Section 2,2,1.32,87
A5-02,Section 2,2,1.3,88
A5-02,Section 2,2,1.25,89
A5-02,Section 2,2,1.25,90
A5-02,Section 2,2,1.2,91
A5-02,Section 2,2,1.18,92
A5-02,Section 2,2,1.24,93
A5-02,Section 2,2,1.17,94
A5-02,Section 2,2,1.2,95
A5-02,Section 2,2,1.15,96
A5-02,Section 2,2,1.13,97
A5-02,Section 2,2,1.11,98
A5-02,Section 2,2,1.2,99
A5-02,Section 2,2,1.14,100
A5-02,Section 2,2,1.06,101
A5-02,Section 2,2,1.03,102
A5-02,Section 2,2,1.02,103
A5-02,Section 2,2,1.01,104
A5-02,Section 2,2,1,105
A5-02,Section 2,2,0.99,106
A5-02,Section 2,2,1.05,107
A5-02,Section 2,2,1.02,108
A5-02,Section 2,2,1.24,109
A5-02,Section 2,2,1.09,110
A5-02,Section 2,2,0.99,111
A5-02,Section 2,2,1.01,112
A5-02,Section 2,2,0.97,113
A5-02,Section 2,2,0.98,114
A5-02,Section 2,2,1.08,115
A5-02,Section 2,2,1.04,116
A5-02,Section 2,2,1.01,117
A5-02,Section 2,2,1.13,118
A5-02,Section 2,2,0.99,119
A5-02,Section 2,2,0.99,120
A5-02,Section 2,2,0.98,121
A5-02,Section 2,2,0.88,122
A5-02,Section 2,2,0.86,123
A5-02,Section 2,2,0.8,124
A5-02,Section 2,2,0.82,125
A5-02,Section 2,2,0.82,126
A5-02,Section 2,2,0.83,127
A5-02,Section 2,2,0.85,128
A5-02,Section 2,2,0.8,129
A5-02,Section 2,2,0.77,130
A5-02,Section 2,2,0.83,131
A5-02,Section 2,2,0.72,132
A5-02,Section 2,2,0.69,133
A5-02,Section 2,2,0.65,134
A5-02,Section 2,2,0.63,135
A5-02,Section 2,2,0.64,136
A5-02,Section 2,2,0.57,137
A5-02,Section 2,2,0.56,138
A5-02,Section 2,2,0.48,139
A5-02,Section 2,2,0.44,140
A5-02,Section 2,2,0.41,141
A5-02,Section 2,2,0.36,142
A5-02,Section 2,2,0.32,143
A5-02,Section 2,2,0.29,144
A5-02,Section 2,2,0.23,145
A5-02,Section 2,2,0.19,146
A5-02,Section 2,2,0.15,147
A5-02,Section 2,2,0.13,148
A5-02,Section 2,2,0.06,149
A5-02,Section 2,2,0.04,150
A5-02,Section 2,2,-0.04,151
A5-02,Section 2,2,-0.07,152
A5-02,Section 2,2,-0.13,153
A5-02,Section 2,2,-0.14,154
A5-02,Section 2,2,-0.21,155
A5-02,Section 2,2,-0.26,156
A5-02,Section 2,2,-0.32,157
A5-02,Section 2,2,-0.36,158
A5-02,Section 2,2,-0.41,159
A5-02,Section 2,2,-0.46,160
A5-02,Section 2,2,-0.5,161
A5-02,Section 2,2,-0.54,162
A5-02,Section 2,2,-0.58,163
A5-02,Section 2,2,-0.61,164
A5-02,Section 2,2,-0.65,165
A5-02,Section 2,2,-0.7,166
A5-02,Section 2,2,-0.75,167
A5-02,Section 2,2,-0.79,168
A5-02,Section 2,2,-0.84,169
A5-02,Section 2,2,-0.88,170
A5-02,Section 2,2,-0.93,171
A5-02,Section 2,2,-0.98,172
A5-02,Section 2,2,-1.03,173
A5-02,Section 2,2,-1.09,174
A5-02,Section 2,2,-1.17,175
A5-02,Section 2,2,-1.23,176
A5-02,Section 2,2,-1.27,177
A5-02,Section 2,2,-1.33,178
A5-02,Section 2,2,-1.38,179
A5-02,Section 2,2,-1.47,180
A5-02,Section 2,2,-1.54,181
A5-02,Section 2,2,-1.6,182
A5-02,Section 2,2,-1.67,183
A5-02,Section 2,2,-1.75,184
A5-02,Section 2,2,-1.82,185
A5-02,Section 2,2,-1.86,186
A5-02,Section 2,2,-1.91,187
A5-02,Section 2,2,-1.95,188
A5-02,Section 2,2,-1.94,189
A5-02,Section 2,2,-2.02,190
A5-02,Section 2,2,-2.05,191
A5-02,Section 2,2,-2.09,192
A5-02,Section 2,2,-2.09,193
A5-02,Section 2,2,-2.14,194
A5-02,Section 2,2,-2.16,195
A5-02,Section 2,2,-2.22,196
A5-02,Section 2,2,-2.22,197
A5-02,Section 2,2,-2.28,198
A5-02,Section 2,2,-2.3,199
A5-02,Section 2,2,-2.29,200
A5-02,Section 2,2,-2.26,201
A5-02,Section 2,2,-2.27,202
A5-02,Section 2,2,-2.21,203
A5-02,Section 2,2,-2.13,204
A5-02,Section 2,2,-2.04,205
A5-02,Section 2,2,-1.95,206
A5-02,Section 2,2,-1.99,207
A5-02,Section 2,2,-2,208
A5-02,Section 2,2,-2,209
A5-02,Section 2,2,-1.99,210
A5-02,Section 2,2,-1.99,211
A5-02,Section 2,2,-1.99,212
A5-02,Section 2,2,-1.98,213
A5-02,Section 2,2,-1.98,214
A5-02,Section 2,2,-1.98,215
A5-02,Section 2,2,-1.96,216
A5-02,Section 2,2,-1.89,217
A5-02,Section 2,2,-1.92,218
A5-02,Section 2,2,-1.93,219
A5-02,Section 2,2,-1.94,220
A5-02,Section 2,2,-1.96,221
A5-02,Section 2,2,-2.01,222
A5-02,Section 2,2,-2.02,223
A5-02,Section 2,2,-2.05,224
A5-02,Section 2,2,-2.06,225
A5-02,Section 2,2,-2.05,226
A5-02,Section 2,2,-2.06,227
A5-02,Section 2,2,-2.08,228
A5-02,Section 2,2,-2.08,229
A5-02,Section 2,2,-2.06,230
A5-02,Section 2,2,-2.03,231
A5-02,Section 2,2,-1.99,232
A5-02,Section 2,2,-1.92,233
A5-02,Section 2,2,-1.88,234
A5-02,Section 2,2,-1.86,235
A5-02,Section 2,2,-1.88,236
A5-02,Section 2,2,-1.93,237
A5-02,Section 2,2,-1.96,238
A5-02,Section 2,2,-1.87,239
A5-02,Section 2,2,-1.75,240
A5-02,Section 2,2,-2.03,241
A5-02,Section 2,2,-2.03,242
A5-02,Section 2,2,-2.03,243
A5-02,Section 2,2,-2.01,244
A5-02,Section 2,2,-2,245
A5-02,Section 2,2,-1.94,246
A5-02,Section 2,2,-1.92,247
A5-02,Section 2,2,-1.86,248
A5-02,Section 2,2,-1.97,249
A5-02,Section 2,2,-1.78,250
A5-02,Section 2,2,-1.8,251
A5-02,Section 2,2,-1.76,252
A5-02,Section 2,2,-1.78,253
A5-02,Section 2,2,-1.8,254
A5-02,Section 2,2,-1.82,255
A5-02,Section 2,2,-1.92,256
A5-02,Section 2,2,-2.07,257
A5-02,Section 2,2,-2.23,258
A5-02,Section 2,2,-2.26,259
A5-02,Section 2,2,-2.25,260
A5-02,Section 2,2,-2.2,261
A5-02,Section 2,2,-2.17,262
A5-02,Section 2,2,-2.11,263
A5-02,Section 2,2,-2.09,264
A5-02,Section 2,2,-2.08,265
A5-02,Section 2,2,-2.11,266
A5-02,Section 2,2,-2.17,267
A5-02,Section 2,2,-2.21,268
A5-02,Section 2,2,-2.24,269
A5-02,Section 2,2,-2.25,270
A5-02,Section 2,2,-2.25,271
A5-02,Section 2,2,-2.25,272
A5-02,Section 2,2,-2.21,273
A5-02,Section 2,2,-2.18,274
A5-02,Section 2,2,-2.17,275
A5-02,Section 2,2,-2.16,276
A5-02,Section 2,2,-2.15,277
A5-02,Section 2,2,-2.16,278
A5-02,Section 2,2,-2.18,279
A5-02,Section 2,2,-2.19,280
A5-02,Section 2,2,-2.18,281
A5-02,Section 2,2,-2.14,282
A5-02,Section 2,2,-2.13,283
A5-02,Section 2,2,-2.09,284
A5-02,Section 2,2,-2.08,285
A5-02,Section 2,2,-2.11,286
A5-02,Section 2,2,-2.08,287
A5-02,Section 2,2,-2.07,288
A5-02,Section 2,2,-2.1,289
A5-02,Section 2,2,-2.11,290
A5-02,Section 2,2,-2.12,291
A5-02,Section 2,2,-2.12,292
A5-02,Section 2,2,-2.12,293
A5-02,Section 2,2,-2.1,294
A5-02,Section 2,2,-2.09,295
A5-02,Section 2,2,-2.1,296
A5-02,Section 2,2,-2.11,297
A5-02,Section 2,2,-2.1,298
A5-02,Section 2,2,-2.13,299
A5-02,Section 2,2,-2.13,300
A5-02,Section 2,2,-2.15,301
A5-02,Section 2,2,-2.18,302
A5-02,Section 2,2,-2.22,303
A5-02,Section 2,2,-2.2,304
A5-02,Section 2,2,-2.21,305
A5-02,Section 2,2,-2.21,306
A5-02,Section 2,2,-2.18,307
A5-02,Section 2,2,-2.15,308
A5-02,Section 2,2,-2.18,309
A5-02,Section 2,2,-2.15,310
A5-02,Section 2,2,-2.12,311
A5-02,Section 2,2,-2.08,312
A5-02,Section 2,2,-2.12,313
A5-02,Section 2,2,-2.1,314
A5-02,Section 2,2,-2.12,315
A5-02,Section 2,2,-2.09,316
A5-02,Section 2,2,-2.09,317
A5-02,Section 2,2,-2.12,318
A5-02,Section 2,2,-2.12,319
A5-02,Section 2,2,-2.12,320
A5-02,Section 2,2,-2.11,321
A5-02,Section 2,2,-2.11,322
A5-02,Section 2,2,-2.08,323
A5-02,Section 2,2,-2.1,324
A5-02,Section 2,2,-2.12,325
A5-02,Section 2,2,-2.13,326
A5-02,Section 2,2,-2.09,327
A5-02,Section 2,2,-2.11,328
A5-02,Section 2,2,-2.13,329
A5-02,Section 2,2,-2.12,330
A5-02,Section 2,2,-2.14,331
A5-02,Section 2,2,-2.15,332
A5-02,Section 2,2,-2.13,333
A5-02,Section 2,2,-2.13,334
A5-02,Section 2,2,-2.15,335
A5-02,Section 2,2,-2.18,336
A5-02,Section 2,2,-2.18,337
A5-02,Section 2,2,-2.21,338
A5-02,Section 2,2,-2.22,339
A5-02,Section 2,2,-2.26,340
A5-02,Section 2,2,-2.25,341
A5-02,Section 2,2,-2.29,342
A5-02,Section 2,2,-2.33,343
A5-02,Section 2,2,-2.35,344
A5-02,Section 2,2,-2.36,345
A5-02,Section 2,2,-2.37,346
A5-02,Section 2,2,-2.38,347
A5-02,Section 2,2,-2.41,348
A5-02,Section 2,2,-2.39,349
A5-02,Section 2,2,-2.44,350
A5-02,Section 2,2,-2.41,351
A5-02,Section 2,2,-2.46,352
A5-02,Section 2,2,-2.74,353
A5-02,Section 2,2,-3.55,354
A5-02,Section 2,2,-4.33,355
A5-02,Section 2,2,-6.51,356
A5-02,Section 2,2,-27.92,357
A5-02,Section 2,2,-44.23,358
A5-02,Section 2,2,-44.04,359
A5-02,Section 2,2,-44.08,360
A5-02,Section 2,2,-26.76,361
A5-02,Section 2,2,-33.82,362
A5-02,Section 2,2,-35.48,363
A5-02,Section 2,2,-29.55,364
A5-02,Section 2,2,-38.26,365
A5-02,Section 2,2,-37.06,366
A5-02,Section 2,2,-38.09,367
A5-02,Section 2,2,-42.67,368
A5-02,Section 2,2,-31.04,369
A5-02,Section 2,2,-30,370
A5-02,Section 2,2,-38.6,371
A5-02,Section 2,2,-33.65,372
A5-02,Section 2,2,-34.82,373
A5-02,Section 2,2,-32.73,374
A5-02,Section 2,2,-28.69,375
A5-02,Section 2,2,-30.16,376
A5-02,Section 2,2,-22.69,377
A5-02,Section 2,2,-21.74,378
A5-02,Section 2,2,-23.74,379
A5-02,Section 2,2,-16.94,380
A5-02,Section 2,2,-23.29,381
A5-02,Section 2,2,-13.54,382
A5-02,Section 2,2,-16.12,383
A5-02,Section 2,2,-25.13,384
A5-02,Section 2,2,-6.35,385
A5-02,Section 2,2,-15.17,386
A5-02,Section 2,2,-6.53,387
A5-02,Section 2,2,-5.96,388
A5-02,Section 2,2,-7.41,389
A5-02,Section 2,2,-2.82,390
A5-02,Section 2,2,-2.5,391
A5-02,Section 2,2,-2.4,392
A5-02,Section 2,2,-2.16,393
A5-02,Section 2,2,-1.68,394
A5-02,Section 2,2,-1.7,395
A5-02,Section 2,2,-1.7,396
A5-02,Section 2,2,-1.7,397
A5-02,Section 2,2,-1.7,398
A5-02,Section 2,2,-1.71,399
A5-02,Section 2,2,-1.78,400
A5-02,Section 2,2,-1.82,401
A5-02,Section 2,2,-1.82,402
A5-02,Section 2,2,-1.81,403
A5-02,Section 2,2,-1.8,404
A5-02,Section 2,2,-1.79,405
A5-02,Section 2,2,-1.76,406
A5-02,Section 2,2,-1.74,407
A5-02,Section 2,2,-1.73,408
A5-02,Section 2,2,-1.74,409
A5-02,Section 2,2,-1.75,410
A5-02,Section 2,2,-1.76,411
A5-02,Section 2,2,-1.75,412
A5-02,Section 2,2,-1.75,413
A5-02,Section 2,2,-1.76,414
A5-02,Section 2,2,-1.77,415
A5-02,Section 2,2,-1.75,416
A5-02,Section 2,2,-1.75,417
A5-02,Section 2,2,-1.75,418
A5-02,Section 2,2,-1.75,419
A5-02,Section 2,2,-1.76,420
A5-02,Section 2,2,-1.75,421
A5-02,Section 2,2,-1.77,422
A5-02,Section 2,2,-1.77,423
A5-02,Section 2,2,-1.78,424
A5-02,Section 2,2,-1.79,425
A5-02,Section 2,2,-1.81,426
A5-02,Section 2,2,-1.81,427
A5-02,Section 2,2,-1.82,428
A5-02,Section 2,2,-1.83,429
A5-02,Section 2,2,-1.84,430
A5-02,Section 2,2,-1.86,431
A5-02,Section 2,2,-1.88,432
A5-02,Section 2,2,-1.9,433
A5-02,Section 2,2,-1.9,434
A5-02,Section 2,2,-1.91,435
A5-02,Section 2,2,-1.92,436
A5-02,Section 2,2,-1.93,437
A5-02,Section 2,2,-1.94,438
A5-02,Section 2,2,-1.95,439
A5-02,Section 2,2,-1.97,440
A5-02,Section 2,2,-1.98,441
A5-02,Section 2,2,-1.99,442
A5-02,Section 2,2,-2.01,443
A5-02,Section 2,2,-2.03,444
A5-02,Section 2,2,-2.04,445
A5-02,Section 2,2,-2.06,446
A5-02,Section 2,2,-2.09,447
A5-02,Section 2,2,-2.09,448
A5-02,Section 2,2,-2.11,449
A5-02,Section 2,2,-2.12,450
A5-02,Section 2,2,-2.11,451
A5-02,Section 2,2,-2.14,452
A5-02,Section 2,2,-2.15,453
A5-02,Section 2,2,-2.16,454
A5-02,Section 2,2,-2.17,455
A5-02,Section 2,2,-2.18,456
A5-02,Section 2,2,-2.19,457
A5-02,Section 2,2,-2.19,458
A5-02,Section 2,2,-2.21,459
A5-02,Section 2,2,-2.21,460
A5-02,Section 2,2,-2.22,461
A5-02,Section 2,2,-2.22,462
A5-02,Section 2,2,-2.23,463
A5-02,Section 2,2,-2.23,464
A5-02,Section 2,2,-2.24,465
A5-02,Section 2,2,-2.24,466
A5-02,Section 2,2,-2.25,467
A5-02,Section 2,2,-2.26,468
A5-02,Section 2,2,-2.26,469
A5-02,Section 2,2,-2.27,470
A5-02,Section 2,2,-2.26,471
A5-02,Section 2,2,-2.28,472
A5-02,Section 2,2,-2.28,473
A5-02,Section 2,2,-2.29,474
A5-02,Section 2,2,-2.29,475
A5-02,Section 2,2,-2.32,476
A5-02,Section 2,2,-2.32,477
A5-02,Section 2,2,-2.34,478
A5-02,Section 2,2,-2.35,479
A5-02,Section 2,2,-2.36,480
A5-02,Section 2,2,-2.39,481
A5-02,Section 2,2,-2.42,482
A5-02,Section 2,2,-2.45,483
A5-02,Section 2,2,-2.48,484
A5-02,Section 2,2,-2.52,485
A5-02,Section 2,2,-2.56,486
A5-02,Section 2,2,-2.61,487
A5-02,Section 2,2,-2.64,488
A5-02,Section 2,2,-2.66,489
A5-02,Section 2,2,-2.7,490
A5-02,Section 2,2,-2.88,491
A5-02,Section 2,2,-3.11,492
A5-02,Section 2,2,-3.29,493
A5-02,Section 2,2,-2.85,494
A5-02,Section 2,2,-2.8,495
A5-02,Section 2,2,-2.77,496
A5-02,Section 2,2,-2.77,497
A5-02,Section 2,2,-2.73,498
A5-02,Section 2,2,-2.64,499
A5-02,Section 2,2,-2.63,500
A5-02,Section 2,2,-2.57,501
A5-02,Section 2,2,-2.5,502
A5-02,Section 2,2,-2.36,503
A5-02,Section 2,2,-2.16,504
A5-02,Section 2,2,-1.95,505
A5-02,Section 2,2,-1.75,506
A5-02,Section 2,2,-1.59,507
A5-02,Section 2,2,-1.44,508
A5-02,Section 2,2,-1.29,509
A5-02,Section 2,2,-1.16,510
A5-02,Section 2,2,-1.03,511
A5-02,Section 2,2,-0.89,512
A5-02,Section 2,2,-0.76,513
A5-02,Section 2,2,-0.64,514
A5-02,Section 2,2,-0.55,515
A5-02,Section 2,2,-0.48,516
A5-02,Section 2,2,-0.42,517
A5-02,Section 2,2,-0.38,518
A5-02,Section 2,2,-0.32,519
A5-02,Section 2,2,-0.29,520
A5-02,Section 2,2,-0.26,521
A5-02,Section 2,2,-0.24,522
A5-02,Section 2,2,-0.23,523
A5-02,Section 2,2,-0.21,524
A5-02,Section 2,2,-0.19,525
A5-02,Section 2,2,-0.21,526
A5-02,Section 2,2,-0.19,527
A5-02,Section 2,2,-0.17,528
A5-02,Section 2,2,-0.17,529
A5-02,Section 2,2,-0.18,530
A5-02,Section 2,2,-0.17,531
A5-02,Section 2,2,-0.16,532
A5-02,Section 2,2,-0.15,533
A5-02,Section 2,2,-0.16,534
A5-02,Section 2,2,-0.15,535
A5-02,Section 2,2,-0.15,536
A5-02,Section 2,2,-0.13,537
A5-02,Section 2,2,-0.15,538
A5-02,Section 2,2,-0.12,539
A5-02,Section 2,2,-0.13,540
A5-02,Section 2,2,-0.13,541
A5-02,Section 2,2,-0.14,542
A5-02,Section 2,2,-0.12,543
A5-02,Section 2,2,-0.14,544
A5-02,Section 2,2,-0.12,545
A5-02,Section 2,2,-0.12,546
A5-02,Section 2,2,-0.12,547
A5-02,Section 2,2,-0.11,548
A5-02,Section 2,2,-0.11,549
A5-02,Section 2,2,-0.1,550
A5-02,Section 2,2,-0.07,551
A5-02,Section 2,2,-0.09,552
A5-02,Section 2,2,-0.1,553
A5-02,Section 2,2,-0.09,554
A5-02,Section 2,2,-0.09,555
A5-02,Section 2,2,-0.1,556
A5-02,Section 2,2,-0.09,557
A5-02,Section 2,2,-0.1,558
A5-02,Section 2,2,-0.1,559
A5-02,Section 2,2,-0.08,560
A5-02,Section 2,2,-0.09,561
A5-02,Section 2,2,-0.07,562
A5-02,Section 2,2,-0.07,563
A5-02,Section 2,2,-0.08,564
A5-02,Section 2,2,-0.07,565
A5-02,Section 2,2,-0.07,566
A5-02,Section 2,2,-0.08,567
A5-02,Section 2,2,-0.08,568
A5-02,Section 2,2,-0.05,569
A5-02,Section 2,2,-0.06,570
A5-02,Section 2,2,-0.06,571
A5-02,Section 2,2,-0.06,572
A5-02,Section 2,2,-0.05,573
A5-02,Section 2,2,-0.05,574
A5-02,Section 2,2,-0.06,575
A5-02,Section 2,2,-0.05,576
A5-02,Section 2,2,-0.06,577
A5-02,Section 2,2,-0.06,578
A5-02,Section 2,2,-0.04,579
A5-02,Section 2,2,-0.04,580
A5-02,Section 2,2,-0.03,581
A5-02,Section 2,2,-0.04,582
A5-02,Section 2,2,-0.04,583
A5-02,Section 2,2,-0.04,584
A5-02,Section 2,2,-0.04,585
A5-02,Section 2,2,-0.03,586
A5-02,Section 2,2,-0.03,587
A5-02,Section 2,2,-0.03,588
A5-02,Section 2,2,-0.03,589
A5-02,Section 2,2,-0.04,590
A5-02,Section 2,2,-0.03,591
A5-02,Section 2,2,-0.01,592
A5-02,Section 2,2,-0.01,593
A5-02,Section 2,2,-0.01,594
A5-02,Section 2,2,-0.02,595
A5-02,Section 2,2,-0.01,596
A5-02,Section 2,2,-0.01,597
A5-02,Section 2,2,0,598
A5-02,Section 2,2,0,599
A5-02,Section 2,2,-0.01,600
A5-02,Section 2,2,-0.01,601
A5-02,Section 2,2,0.01,602
A5-02,Section 2,2,0.01,603
A5-02,Section 2,2,0,604
A5-02,Section 2,2,0.01,605
A5-02,Section 2,2,0.01,606
A5-02,Section 2,2,0.01,607
A5-02,Section 2,2,0.01,608
A5-02,Section 2,2,0.01,609
A5-02,Section 2,2,0.01,610
A5-02,Section 2,2,0.01,611
A5-02,Section 2,2,0.01,612
A5-02,Section 2,2,0,613
A5-02,Section 2,2,0.01,614
A5-02,Section 2,2,0.01,615
A5-02,Section 2,2,0.02,616
A5-02,Section 2,2,0.01,617
A5-02,Section 2,2,0.02,618
A5-02,Section 2,2,0,619
A5-02,Section 2,2,0.02,620
A5-02,Section 2,2,0.02,621
A5-02,Section 2,2,0.03,622
A5-02,Section 2,2,0.02,623
A5-02,Section 2,2,0.02,624
A5-02,Section 2,2,0.01,625
A5-02,Section 2,2,0.02,626
A5-02,Section 2,2,0,627
A5-02,Section 2,2,-0.02,628
A5-02,Section 2,2,-0.02,629
A5-02,Section 2,2,0,630
A5-02,Section 2,2,-0.02,631
A5-02,Section 2,2,-0.01,632
A5-02,Section 2,2,-0.02,633
A5-02,Section 2,2,-0.04,634
A5-02,Section 2,2,-0.04,635
A5-02,Section 2,2,-0.01,636
A5-02,Section 2,2,0.01,637
A5-02,Section 2,2,0.01,638
A5-02,Section 2,2,0.02,639
A5-02,Section 2,2,0.03,640
A5-02,Section 2,2,0.03,641
A5-02,Section 2,2,0.04,642
A5-02,Section 2,2,0.04,643
A5-02,Section 2,2,0.05,644
A5-02,Section 2,2,0.04,645
A5-02,Section 2,2,0.06,646
A5-02,Section 2,2,0.05,647
A5-02,Section 2,2,0.06,648
A5-02,Section 2,2,0.05,649
A5-02,Section 2,2,0.06,650
A5-02,Section 2,2,0.05,651
A5-02,Section 2,2,0.07,652
A5-02,Section 2,2,0.07,653
A5-02,Section 2,2,0.07,654
A5-02,Section 2,2,0.07,655
A5-02,Section 2,2,0.08,656
A5-02,Section 2,2,0.08,657
A5-02,Section 2,2,0.08,658
A5-02,Section 2,2,0.09,659
A5-02,Section 2,2,0.09,660
A5-02,Section 2,2,0.09,661
A5-02,Section 2,2,0.1,662
A5-02,Section 2,2,0.09,663
A5-02,Section 2,2,0.09,664
A5-02,Section 2,2,0.11,665
A5-02,Section 2,2,0.12,666
A5-02,Section 2,2,0.12,667
A5-02,Section 2,2,0.13,668
A5-02,Section 2,2,0.12,669
A5-02,Section 2,2,0.12,670
A5-02,Section 2,2,0.12,671
A5-02,Section 2,2,0.12,672
A5-02,Section 2,2,0.12,673
A5-02,Section 2,2,0.12,674
A5-02,Section 2,2,0.13,675
A5-02,Section 2,2,0.14,676
A5-02,Section 2,2,0.14,677
A5-02,Section 2,2,0.13,678
A5-02,Section 2,2,0.14,679
A5-02,Section 2,2,0.13,680
A5-02,Section 2,2,0.14,681
A5-02,Section 2,2,0.15,682
A5-02,Section 2,2,0.15,683
A5-02,Section 2,2,0.14,684
A5-02,Section 2,2,0.15,685
A5-02,Section 2,2,0.14,686
A5-02,Section 2,2,0.15,687
A5-02,Section 2,2,0.14,688
A5-02,Section 2,2,0.15,689
A5-02,Section 2,2,0.17,690
A5-02,Section 2,2,0.16,691
A5-02,Section 2,2,0.15,692
A5-02,Section 2,2,0.16,693
A5-02,Section 2,2,0.16,694
A5-02,Section 2,2,0.15,695
A5-02,Section 2,2,0.16,696
A5-02,Section 2,2,0.15,697
A5-02,Section 2,2,0.16,698
A5-02,Section 2,2,0.16,699
A5-02,Section 2,2,0.16,700
A5-02,Section 2,2,0.16,701
A5-02,Section 2,2,0.15,702
A5-02,Section 2,2,0.16,703
A5-02,Section 2,2,0.15,704
A5-02,Section 2,2,0.16,705
A5-02,Section 2,2,0.17,706
A5-02,Section 2,2,0.16,707
A5-02,Section 2,2,0.17,708
A5-02,Section 2,2,0.17,709
A5-02,Section 2,2,0.17,710
A5-02,Section 2,2,0.16,711
A5-02,Section 2,2,0.16,712
A5-02,Section 2,2,0.17,713
A5-02,Section 2,2,0.16,714
A5-02,Section 2,2,0.16,715
A5-02,Section 2,2,0.16,716
A5-02,Section 2,2,0.15,717
A5-02,Section 2,2,0.15,718
A5-02,Section 2,2,0.16,719
A5-02,Section 2,2,0.15,720
A5-02,Section 2,2,0.15,721
A5-02,Section 2,2,0.15,722
A5-02,Section 2,2,0.15,723
A5-02,Section 2,2,0.15,724
A5-02,Section 2,2,0.14,725
A5-02,Section 2,2,0.14,726
A5-02,Section 2,2,0.15,727
A5-02,Section 2,2,0.14,728
A5-02,Section 2,2,0.14,729
A5-02,Section 2,2,0.15,730
A5-02,Section 2,2,0.16,731
A5-02,Section 2,2,0.17,732
A5-02,Section 2,2,0.18,733
A5-02,Section 2,2,0.18,734
A5-02,Section 2,2,0.17,735
A5-02,Section 2,2,0.17,736
A5-02,Section 2,2,0.17,737
A5-02,Section 2,2,0.18,738
A5-02,Section 2,2,0.17,739
A5-02,Section 2,2,0.17,740
A5-02,Section 2,2,0.16,741
A5-02,Section 2,2,0.14,742
A5-02,Section 2,2,0.14,743
A5-02,Section 2,2,0.1,744
A5-02,Section 2,2,0.12,745
A5-02,Section 2,2,0.1,746
A5-02,Section 2,2,0.08,747
A5-02,Section 2,2,0.09,748
A5-02,Section 2,2,0.05,749
A5-02,Section 2,2,0.04,750
A5-02,Section 2,2,0.1,751
A5-02,Section 2,2,0.04,752
A5-02,Section 2,2,0.08,753
A5-02,Section 2,2,0.07,754
A5-02,Section 2,2,0.02,755
A5-02,Section 2,2,0.07,756
A5-02,Section 2,2,0,757
A5-02,Section 2,2,0,758
A5-02,Section 2,2,0,759
A5-02,Section 2,2,0,760
A5-02,Section 2,2,0,761
A5-02,Section 2,2,0,762
A5-02,Section 2,2,0,763
A5-02,Section 2,2,0,764
A5-02,Section 2,2,0,765
A5-02,Section 2,2,0,766
A5-02,Section 2,2,0,767
A5-02,Section 2,2,0,768
A5-02,Section 2,2,0,769
A5-02,Section 2,2,0,770
A5-02,Section 2,2,0,771
A5-02,Section 2,2,0,772
A5-02,Section 2,2,0,773
A5-02,Section 2,2,0,774
A5-02,Section 2,2,0,775
A5-02,Section 2,2,0,776
A5-03,Section 3,3,0,0
A5-03,Section 3,3,0,1
A5-03,Section 3,3,0,2
A5-03,Section 3,3,0,3
A5-03,Section 3,3,0,4
A5-03,Section 3,3,0,5
A5-03,Section 3,3,0,6
A5-03,Section 3,3,0,7
A5-03,Section 3,3,0,8
A5-03,Section 3,3,0,9
A5-03,Section 3,3,0,10
A5-03,Section 3,3,0,11
A5-03,Section 3,3,0,12
A5-03,Section 3,3,0,13
A5-03,Section 3,3,0,14
A5-03,Section 3,3,0,15
A5-03,Section 3,3,0,16
A5-03,Section 3,3,0,17
A5-03,Section 3,3,0,18
A5-03,Section 3,3,0,19
A5-03,Section 3,3,0,20
A5-03,Section 3,3,0,21
A5-03,Section 3,3,0,22
A5-03,Section 3,3,0,23
A5-03,Section 3,3,12.19,24
A5-03,Section 3,3,12.12,25
A5-03,Section 3,3,11.94,26
A5-03,Section 3,3,11.71,27
A5-03,Section 3,3,11.56,28
A5-03,Section 3,3,11.53,29
A5-03,Section 3,3,11.45,30
A5-03,Section 3,3,11.31,31
A5-03,Section 3,3,11.37,32
A5-03,Section 3,3,11.18,33
A5-03,Section 3,3,10.94,34
A5-03,Section 3,3,11.02,35
A5-03,Section 3,3,10.65,36
A5-03,Section 3,3,10.66,37
A5-03,Section 3,3,10.62,38
A5-03,Section 3,3,10.57,39
A5-03,Section 3,3,10.46,40
A5-03,Section 3,3,10.37,41
A5-03,Section 3,3,10.33,42
A5-03,Section 3,3,10.18,43
A5-03,Section 3,3,10.08,44
A5-03,Section 3,3,9.98,45
A5-03,Section 3,3,9.86,46
A5-03,Section 3,3,9.71,47
A5-03,Section 3,3,9.6,48
A5-03,Section 3,3,9.29,49
A5-03,Section 3,3,9.28,50
A5-03,Section 3,3,9.54,51
A5-03,Section 3,3,10.26,52
A5-03,Section 3,3,10.49,53
A5-03,Section 3,3,9.28,54
A5-03,Section 3,3,9.62,55
A5-03,Section 3,3,9.41,56
A5-03,Section 3,3,8.05,57
A5-03,Section 3,3,6.11,58
A5-03,Section 3,3,2.61,59
A5-03,Section 3,3,2.1,60
A5-03,Section 3,3,1.96,61
A5-03,Section 3,3,1.85,62
A5-03,Section 3,3,1.7,63
A5-03,Section 3,3,1.59,64
A5-03,Section 3,3,1.53,65
A5-03,Section 3,3,1.47,66
A5-03,Section 3,3,1.13,67
A5-03,Section 3,3,0.97,68
A5-03,Section 3,3,0.85,69
A5-03,Section 3,3,0.77,70
A5-03,Section 3,3,0.64,71
A5-03,Section 3,3,0.54,72
A5-03,Section 3,3,0.44,73
A5-03,Section 3,3,0.35,74
A5-03,Section 3,3,0.27,75
A5-03,Section 3,3,0.19,76
A5-03,Section 3,3,0.1,77
A5-03,Section 3,3,-0.02,78
A5-03,Section 3,3,-0.1,79
A5-03,Section 3,3,-0.19,80
A5-03,Section 3,3,-0.28,81
A5-03,Section 3,3,-0.36,82
A5-03,Section 3,3,-0.45,83
A5-03,Section 3,3,-0.52,84
A5-03,Section 3,3,-0.61,85
A5-03,Section 3,3,-0.65,86
A5-03,Section 3,3,-0.71,87
A5-03,Section 3,3,-0.07,88
A5-03,Section 3,3,-0.13,89
A5-03,Section 3,3,-0.25,90
A5-03,Section 3,3,-1.2,91
A5-03,Section 3,3,-1.3,92
A5-03,Section 3,3,-1.35,93
A5-03,Section 3,3,-1.38,94
A5-03,Section 3,3,-1.37,95
A5-03,Section 3,3,-0.78,96
A5-03,Section 3,3,-0.92,97
A5-03,Section 3,3,-1.29,98
A5-03,Section 3,3,-1.95,99
A5-03,Section 3,3,-2.01,100
A5-03,Section 3,3,-2.07,101
A5-03,Section 3,3,-2.01,102
A5-03,Section 3,3,-1.48,103
A5-03,Section 3,3,-1.63,104
A5-03,Section 3,3,-1.89,105
A5-03,Section 3,3,-1.98,106
A5-03,Section 3,3,-2.21,107
A5-03,Section 3,3,-2.65,108
A5-03,Section 3,3,-12.7,109
A5-03,Section 3,3,-15.07,110
A5-03,Section 3,3,-16.08,111
A5-03,Section 3,3,-32.3,112
A5-03,Section 3,3,-18.54,113
A5-03,Section 3,3,-28.93,114
A5-03,Section 3,3,-30.7,115
A5-03,Section 3,3,-30.67,116
A5-03,Section 3,3,-33.25,117
A5-03,Section 3,3,-34.71,118
A5-03,Section 3,3,-30.53,119
A5-03,Section 3,3,-34.84,120
A5-03,Section 3,3,-35.1,121
A5-03,Section 3,3,-39.83,122
A5-03,Section 3,3,-31.16,123
A5-03,Section 3,3,-35.37,124
A5-03,Section 3,3,-41.09,125
A5-03,Section 3,3,-39.33,126
A5-03,Section 3,3,-42.67,127
A5-03,Section 3,3,-35.81,128
A5-03,Section 3,3,-47.55,129
A5-03,Section 3,3,-46.15,130
A5-03,Section 3,3,-45.5,131
A5-03,Section 3,3,-48.15,132
A5-03,Section 3,3,-43.68,133
A5-03,Section 3,3,-47.89,134
A5-03,Section 3,3,-49.28,135
A5-03,Section 3,3,-45.65,136
A5-03,Section 3,3,-46.91,137
A5-03,Section 3,3,-47.49,138
A5-03,Section 3,3,-49.35,139
A5-03,Section 3,3,-42.23,140
A5-03,Section 3,3,-48.78,141
A5-03,Section 3,3,-42.63,142
A5-03,Section 3,3,-39.02,143
A5-03,Section 3,3,-36.02,144
A5-03,Section 3,3,-31.45,145
A5-03,Section 3,3,-36.29,146
A5-03,Section 3,3,-32.41,147
A5-03,Section 3,3,-33.43,148
A5-03,Section 3,3,-31.17,149
A5-03,Section 3,3,-24.87,150
A5-03,Section 3,3,-24.81,151
A5-03,Section 3,3,-36.06,152
A5-03,Section 3,3,-30.35,153
A5-03,Section 3,3,-26.91,154
A5-03,Section 3,3,-20.49,155
A5-03,Section 3,3,-26.15,156
A5-03,Section 3,3,-30.81,157
A5-03,Section 3,3,-9.1,158
A5-03,Section 3,3,-2.65,159
A5-03,Section 3,3,-2.59,160
A5-03,Section 3,3,-2.43,161
A5-03,Section 3,3,-2.45,162
A5-03,Section 3,3,-2.41,163
A5-03,Section 3,3,-2.38,164
A5-03,Section 3,3,-2.35,165
A5-03,Section 3,3,-2.27,166
A5-03,Section 3,3,-2.24,167
A5-03,Section 3,3,-2.11,168
A5-03,Section 3,3,-2.03,169
A5-03,Section 3,3,-1.9,170
A5-03,Section 3,3,-1.78,171
A5-03,Section 3,3,-1.64,172
A5-03,Section 3,3,-1.46,173
A5-03,Section 3,3,-1.24,174
A5-03,Section 3,3,-1.11,175
A5-03,Section 3,3,-0.98,176
A5-03,Section 3,3,-0.98,177
A5-03,Section 3,3,-0.97,178
A5-03,Section 3,3,-0.95,179
A5-03,Section 3,3,-0.93,180
A5-03,Section 3,3,-0.97,181
A5-03,Section 3,3,-1.06,182
A5-03,Section 3,3,-1.1,183
A5-03,Section 3,3,-1.06,184
A5-03,Section 3,3,-1,185
A5-03,Section 3,3,-1.02,186
A5-03,Section 3,3,-0.98,187
A5-03,Section 3,3,-0.93,188
A5-03,Section 3,3,-0.87,189
A5-03,Section 3,3,-0.85,190
A5-03,Section 3,3,-0.86,191
A5-03,Section 3,3,-0.88,192
A5-03,Section 3,3,-0.9,193
A5-03,Section 3,3,-0.96,194
A5-03,Section 3,3,-1.03,195
A5-03,Section 3,3,-1.04,196
A5-03,Section 3,3,-0.94,197
A5-03,Section 3,3,-0.93,198
A5-03,Section 3,3,-0.94,199
A5-03,Section 3,3,-0.92,200
A5-03,Section 3,3,-0.95,201
A5-03,Section 3,3,-0.97,202
A5-03,Section 3,3,-1,203
A5-03,Section 3,3,-1.02,204
A5-03,Section 3,3,-1.04,205
A5-03,Section 3,3,-1.06,206
A5-03,Section 3,3,-1.05,207
A5-03,Section 3,3,-1.02,208
A5-03,Section 3,3,-0.97,209
A5-03,Section 3,3,-0.94,210
A5-03,Section 3,3,-0.88,211
A5-03,Section 3,3,-0.85,212
A5-03,Section 3,3,-0.85,213
A5-03,Section 3,3,-0.87,214
A5-03,Section 3,3,-0.9,215
A5-03,Section 3,3,-0.91,216
A5-03,Section 3,3,-0.94,217
A5-03,Section 3,3,-1,218
A5-03,Section 3,3,-1.08,219
A5-03,Section 3,3,-1.1,220
A5-03,Section 3,3,-1.14,221
A5-03,Section 3,3,-1.11,222
A5-03,Section 3,3,-0.99,223
A5-03,Section 3,3,-0.88,224
A5-03,Section 3,3,-0.83,225
A5-03,Section 3,3,-0.82,226
A5-03,Section 3,3,-0.85,227
A5-03,Section 3,3,-0.84,228
A5-03,Section 3,3,-0.83,229
A5-03,Section 3,3,-0.84,230
A5-03,Section 3,3,-0.85,231
A5-03,Section 3,3,-0.86,232
A5-03,Section 3,3,-0.9,233
A5-03,Section 3,3,-0.96,234
A5-03,Section 3,3,-0.97,235
A5-03,Section 3,3,-0.97,236
A5-03,Section 3,3,-1.01,237
A5-03,Section 3,3,-1.05,238
A5-03,Section 3,3,-1.09,239
A5-03,Section 3,3,-1.11,240
A5-03,Section 3,3,-1.18,241
A5-03,Section 3,3,-1.26,242
A5-03,Section 3,3,-1.29,243
A5-03,Section 3,3,-1.3,244
A5-03,Section 3,3,-1.3,245
A5-03,Section 3,3,-1.23,246
A5-03,Section 3,3,-0.98,247
A5-03,Section 3,3,-0.9,248
A5-03,Section 3,3,-0.89,249
A5-03,Section 3,3,-0.95,250
A5-03,Section 3,3,-0.93,251
A5-03,Section 3,3,-0.95,252
A5-03,Section 3,3,-1.08,253
A5-03,Section 3,3,-1.14,254
A5-03,Section 3,3,-1.18,255
A5-03,Section 3,3,-1.26,256
A5-03,Section 3,3,-1.3,257
A5-03,Section 3,3,-1.13,258
A5-03,Section 3,3,-1.07,259
A5-03,Section 3,3,-1.03,260
A5-03,Section 3,3,-1.06,261
A5-03,Section 3,3,-1.13,262
A5-03,Section 3,3,-1.19,263
A5-03,Section 3,3,-1.26,264
A5-03,Section 3,3,-1.28,265
A5-03,Section 3,3,-1.23,266
A5-03,Section 3,3,-1.16,267
A5-03,Section 3,3,-1.12,268
A5-03,Section 3,3,-1.11,269
A5-03,Section 3,3,-1.17,270
A5-03,Section 3,3,-1.21,271
A5-03,Section 3,3,-1.25,272
A5-03,Section 3,3,-1.28,273
A5-03,Section 3,3,-1.28,274
A5-03,Section 3,3,-1.31,275
A5-03,Section 3,3,-1.36,276
A5-03,Section 3,3,-1.48,277
A5-03,Section 3,3,-1.55,278
A5-03,Section 3,3,-1.6,279
A5-03,Section 3,3,-1.68,280
A5-03,Section 3,3,-1.75,281
A5-03,Section 3,3,-1.81,282
A5-03,Section 3,3,-1.87,283
A5-03,Section 3,3,-1.86,284
A5-03,Section 3,3,-1.88,285
A5-03,Section 3,3,-1.75,286
A5-03,Section 3,3,-1.65,287
A5-03,Section 3,3,-1.55,288
A5-03,Section 3,3,-1.46,289
A5-03,Section 3,3,-1.4,290
A5-03,Section 3,3,-1.36,291
A5-03,Section 3,3,-1.36,292
A5-03,Section 3,3,-1.35,293
A5-03,Section 3,3,-1.34,294
A5-03,Section 3,3,-1.37,295
A5-03,Section 3,3,-1.38,296
A5-03,Section 3,3,-1.39,297
A5-03,Section 3,3,-1.37,298
A5-03,Section 3,3,-1.36,299
A5-03,Section 3,3,-1.35,300
A5-03,Section 3,3,-1.33,301
A5-03,Section 3,3,-1.38,302
A5-03,Section 3,3,-1.41,303
A5-03,Section 3,3,-1.44,304
A5-03,Section 3,3,-1.48,305
A5-03,Section 3,3,-1.5,306
A5-03,Section 3,3,-1.51,307
A5-03,Section 3,3,-1.53,308
A5-03,Section 3,3,-1.55,309
A5-03,Section 3,3,-1.6,310
A5-03,Section 3,3,-1.62,311
A5-03,Section 3,3,-1.61,312
A5-03,Section 3,3,-1.63,313
A5-03,Section 3,3,-1.73,314
A5-03,Section 3,3,-1.72,315
A5-03,Section 3,3,-1.67,316
A5-03,Section 3,3,-1.59,317
A5-03,Section 3,3,-1.45,318
A5-03,Section 3,3,-1.4,319
A5-03,Section 3,3,-1.39,320
A5-03,Section 3,3,-1.38,321
A5-03,Section 3,3,-1.36,322
A5-03,Section 3,3,-1.33,323
A5-03,Section 3,3,-1.31,324
A5-03,Section 3,3,-1.28,325
A5-03,Section 3,3,-1.31,326
A5-03,Section 3,3,-1.3,327
A5-03,Section 3,3,-1.33,328
A5-03,Section 3,3,-1.34,329
A5-03,Section 3,3,-1.36,330
A5-03,Section 3,3,-1.37,331
A5-03,Section 3,3,-1.38,332
A5-03,Section 3,3,-1.38,333
A5-03,Section 3,3,-1.39,334
A5-03,Section 3,3,-1.38,335
A5-03,Section 3,3,-1.39,336
A5-03,Section 3,3,-1.4,337
A5-03,Section 3,3,-1.4,338
A5-03,Section 3,3,-1.42,339
A5-03,Section 3,3,-1.42,340
A5-03,Section 3,3,-1.42,341
A5-03,Section 3,3,-1.45,342
A5-03,Section 3,3,-1.48,343
A5-03,Section 3,3,-1.51,344
A5-03,Section 3,3,-1.52,345
A5-03,Section 3,3,-1.54,346
A5-03,Section 3,3,-1.54,347
A5-03,Section 3,3,-1.55,348
A5-03,Section 3,3,-1.57,349
A5-03,Section 3,3,-1.59,350
A5-03,Section 3,3,-1.57,351
A5-03,Section 3,3,-1.56,352
A5-03,Section 3,3,-1.55,353
A5-03,Section 3,3,-1.55,354
A5-03,Section 3,3,-1.56,355
A5-03,Section 3,3,-1.56,356
A5-03,Section 3,3,-1.59,357
A5-03,Section 3,3,-1.58,358
A5-03,Section 3,3,-1.58,359
A5-03,Section 3,3,-1.55,360
A5-03,Section 3,3,-1.52,361
A5-03,Section 3,3,-1.37,362
A5-03,Section 3,3,-1.29,363
A5-03,Section 3,3,-1.29,364
A5-03,Section 3,3,-1.25,365
A5-03,Section 3,3,-1.25,366
A5-03,Section 3,3,-1.26,367
A5-03,Section 3,3,-1.26,368
A5-03,Section 3,3,-1.28,369
A5-03,Section 3,3,-1.27,370
A5-03,Section 3,3,-1.28,371
A5-03,Section 3,3,-1.28,372
A5-03,Section 3,3,-1.27,373
A5-03,Section 3,3,-1.27,374
A5-03,Section 3,3,-1.28,375
A5-03,Section 3,3,-1.29,376
A5-03,Section 3,3,-1.29,377
A5-03,Section 3,3,-1.28,378
A5-03,Section 3,3,-1.3,379
A5-03,Section 3,3,-1.29,380
A5-03,Section 3,3,-1.3,381
A5-03,Section 3,3,-1.3,382
A5-03,Section 3,3,-1.3,383
A5-03,Section 3,3,-1.3,384
A5-03,Section 3,3,-1.29,385
A5-03,Section 3,3,-1.29,386
A5-03,Section 3,3,-1.3,387
A5-03,Section 3,3,-1.31,388
A5-03,Section 3,3,-1.33,389
A5-03,Section 3,3,-1.35,390
A5-03,Section 3,3,-1.34,391
A5-03,Section 3,3,-1.33,392
A5-03,Section 3,3,-1.34,393
A5-03,Section 3,3,-1.33,394
A5-03,Section 3,3,-1.35,395
A5-03,Section 3,3,-1.35,396
A5-03,Section 3,3,-1.37,397
A5-03,Section 3,3,-1.38,398
A5-03,Section 3,3,-1.39,399
A5-03,Section 3,3,-1.39,400
A5-03,Section 3,3,-1.4,401
A5-03,Section 3,3,-1.39,402
A5-03,Section 3,3,-1.4,403
A5-03,Section 3,3,-1.4,404
A5-03,Section 3,3,-1.4,405
A5-03,Section 3,3,-1.42,406
A5-03,Section 3,3,-1.42,407
A5-03,Section 3,3,-1.4,408
A5-03,Section 3,3,-1.38,409
A5-03,Section 3,3,-1.39,410
A5-03,Section 3,3,-1.4,411
A5-03,Section 3,3,-1.39,412
A5-03,Section 3,3,-1.38,413
A5-03,Section 3,3,-1.38,414
A5-03,Section 3,3,-1.38,415
A5-03,Section 3,3,-1.38,416
A5-03,Section 3,3,-1.38,417
A5-03,Section 3,3,-1.38,418
A5-03,Section 3,3,-1.36,419
A5-03,Section 3,3,-1.37,420
A5-03,Section 3,3,-1.37,421
A5-03,Section 3,3,-1.37,422
A5-03,Section 3,3,-1.39,423
A5-03,Section 3,3,-1.38,424
A5-03,Section 3,3,-1.4,425
A5-03,Section 3,3,-1.38,426
A5-03,Section 3,3,-1.38,427
A5-03,Section 3,3,-1.38,428
A5-03,Section 3,3,-1.38,429
A5-03,Section 3,3,-1.38,430
A5-03,Section 3,3,-1.38,431
A5-03,Section 3,3,-1.39,432
A5-03,Section 3,3,-1.39,433
A5-03,Section 3,3,-1.39,434
A5-03,Section 3,3,-1.4,435
A5-03,Section 3,3,-1.41,436
A5-03,Section 3,3,-1.42,437
A5-03,Section 3,3,-1.43,438
A5-03,Section 3,3,-1.44,439
A5-03,Section 3,3,-1.45,440
A5-03,Section 3,3,-1.45,441
A5-03,Section 3,3,-1.45,442
A5-03,Section 3,3,-1.44,443
A5-03,Section 3,3,-1.42,444
A5-03,Section 3,3,-1.44,445
A5-03,Section 3,3,-1.44,446
A5-03,Section 3,3,-1.44,447
A5-03,Section 3,3,-1.44,448
A5-03,Section 3,3,-1.46,449
A5-03,Section 3,3,-1.44,450
A5-03,Section 3,3,-1.45,451
A5-03,Section 3,3,-1.45,452
A5-03,Section 3,3,-1.46,453
A5-03,Section 3,3,-1.46,454
A5-03,Section 3,3,-1.47,455
A5-03,Section 3,3,-1.47,456
A5-03,Section 3,3,-1.47,457
A5-03,Section 3,3,-1.47,458
A5-03,Section 3,3,-1.48,459
A5-03,Section 3,3,-1.47,460
A5-03,Section 3,3,-1.47,461
A5-03,Section 3,3,-1.47,462
A5-03,Section 3,3,-1.48,463
A5-03,Section 3,3,-1.5,464
A5-03,Section 3,3,-1.53,465
A5-03,Section 3,3,-1.55,466
A5-03,Section 3,3,-1.55,467
A5-03,Section 3,3,-1.48,468
A5-03,Section 3,3,-1.43,469
A5-03,Section 3,3,-1.45,470
A5-03,Section 3,3,-1.46,471
A5-03,Section 3,3,-1.47,472
A5-03,Section 3,3,-1.47,473
A5-03,Section 3,3,-1.49,474
A5-03,Section 3,3,-1.49,475
A5-03,Section 3,3,-1.5,476
A5-03,Section 3,3,-1.51,477
A5-03,Section 3,3,-1.51,478
A5-03,Section 3,3,-1.51,479
A5-03,Section 3,3,-1.51,480
A5-03,Section 3,3,-1.51,481
A5-03,Section 3,3,-1.51,482
A5-03,Section 3,3,-1.49,483
A5-03,Section 3,3,-1.48,484
A5-03,Section 3,3,-1.48,485
A5-03,Section 3,3,-1.49,486
A5-03,Section 3,3,-1.49,487
A5-03,Section 3,3,-1.48,488
A5-03,Section 3,3,-1.48,489
A5-03,Section 3,3,-1.46,490
A5-03,Section 3,3,-1.47,491
A5-03,Section 3,3,-1.46,492
A5-03,Section 3,3,-1.45,493
A5-03,Section 3,3,-1.45,494
A5-03,Section 3,3,-1.44,495
A5-03,Section 3,3,-1.44,496
A5-03,Section 3,3,-1.44,497
A5-03,Section 3,3,-1.44,498
A5-03,Section 3,3,-1.44,499
A5-03,Section 3,3,-1.43,500
A5-03,Section 3,3,-1.43,501
A5-03,Section 3,3,-1.43,502
A5-03,Section 3,3,-1.43,503
A5-03,Section 3,3,-1.42,504
A5-03,Section 3,3,-1.41,505
A5-03,Section 3,3,-1.42,506
A5-03,Section 3,3,-1.4,507
A5-03,Section 3,3,-1.41,508
A5-03,Section 3,3,-1.42,509
A5-03,Section 3,3,-1.41,510
A5-03,Section 3,3,-1.41,511
A5-03,Section 3,3,-1.41,512
A5-03,Section 3,3,-1.41,513
A5-03,Section 3,3,-1.42,514
A5-03,Section 3,3,-1.42,515
A5-03,Section 3,3,-1.43,516
A5-03,Section 3,3,-1.43,517
A5-03,Section 3,3,-1.45,518
A5-03,Section 3,3,-1.46,519
A5-03,Section 3,3,-1.47,520
A5-03,Section 3,3,-1.49,521
A5-03,Section 3,3,-1.5,522
A5-03,Section 3,3,-1.51,523
A5-03,Section 3,3,-1.51,524
A5-03,Section 3,3,-1.51,525
A5-03,Section 3,3,-1.51,526
A5-03,Section 3,3,-1.52,527
A5-03,Section 3,3,-1.53,528
A5-03,Section 3,3,-1.53,529
A5-03,Section 3,3,-1.53,530
A5-03,Section 3,3,-1.53,531
A5-03,Section 3,3,-1.53,532
A5-03,Section 3,3,-1.53,533
A5-03,Section 3,3,-1.54,534
A5-03,Section 3,3,-1.53,535
A5-03,Section 3,3,-1.53,536
A5-03,Section 3,3,-1.55,537
A5-03,Section 3,3,-1.56,538
A5-03,Section 3,3,-1.57,539
A5-03,Section 3,3,-1.58,540
A5-03,Section 3,3,-1.59,541
A5-03,Section 3,3,-1.61,542
A5-03,Section 3,3,-1.63,543
A5-03,Section 3,3,-1.65,544
A5-03,Section 3,3,-1.66,545
A5-03,Section 3,3,-1.65,546
A5-03,Section 3,3,-1.62,547
A5-03,Section 3,3,-1.62,548
A5-03,Section 3,3,-1.69,549
A5-03,Section 3,3,-1.77,550
A5-03,Section 3,3,-1.87,551
A5-03,Section 3,3,-1.92,552
A5-03,Section 3,3,-1.91,553
A5-03,Section 3,3,-1.95,554
A5-03,Section 3,3,-2.02,555
A5-03,Section 3,3,-2.07,556
A5-03,Section 3,3,-2.1,557
A5-03,Section 3,3,-2.08,558
A5-03,Section 3,3,-2.1,559
A5-03,Section 3,3,-2.11,560
A5-03,Section 3,3,-2.13,561
A5-03,Section 3,3,-2.02,562
A5-03,Section 3,3,-1.86,563
A5-03,Section 3,3,-1.87,564
A5-03,Section 3,3,-1.88,565
A5-03,Section 3,3,-1.9,566
A5-03,Section 3,3,-1.82,567
A5-03,Section 3,3,-1.74,568
A5-03,Section 3,3,-1.73,569
A5-03,Section 3,3,-1.73,570
A5-03,Section 3,3,-1.69,571
A5-03,Section 3,3,-1.68,572
A5-03,Section 3,3,-1.68,573
A5-03,Section 3,3,-1.71,574
A5-03,Section 3,3,-1.7,575
A5-03,Section 3,3,-1.68,576
A5-03,Section 3,3,-1.66,577
A5-03,Section 3,3,-1.63,578
A5-03,Section 3,3,-1.57,579
A5-03,Section 3,3,-1.54,580
A5-03,Section 3,3,-1.5,581
A5-03,Section 3,3,-1.5,582
A5-03,Section 3,3,-1.47,583
A5-03,Section 3,3,-1.47,584
A5-03,Section 3,3,-1.46,585
A5-03,Section 3,3,-1.46,586
A5-03,Section 3,3,-1.46,587
A5-03,Section 3,3,-1.45,588
A5-03,Section 3,3,-1.45,589
A5-03,Section 3,3,-1.45,590
A5-03,Section 3,3,-1.45,591
A5-03,Section 3,3,-1.46,592
A5-03,Section 3,3,-1.45,593
A5-03,Section 3,3,-1.47,594
A5-03,Section 3,3,-1.48,595
A5-03,Section 3,3,-1.48,596
A5-03,Section 3,3,-1.49,597
A5-03,Section 3,3,-1.52,598
A5-03,Section 3,3,-1.53,599
A5-03,Section 3,3,-1.55,600
A5-03,Section 3,3,-1.57,601
A5-03,Section 3,3,-1.59,602
A5-03,Section 3,3,-1.59,603
A5-03,Section 3,3,-1.61,604
A5-03,Section 3,3,-1.62,605
A5-03,Section 3,3,-1.64,606
A5-03,Section 3,3,-1.66,607
A5-03,Section 3,3,-1.68,608
A5-03,Section 3,3,-1.7,609
A5-03,Section 3,3,-1.73,610
A5-03,Section 3,3,-1.76,611
A5-03,Section 3,3,-1.79,612
A5-03,Section 3,3,-1.8,613
A5-03,Section 3,3,-1.81,614
A5-03,Section 3,3,-1.83,615
A5-03,Section 3,3,-1.86,616
A5-03,Section 3,3,-1.89,617
A5-03,Section 3,3,-1.93,618
A5-03,Section 3,3,-1.97,619
A5-03,Section 3,3,-1.99,620
A5-03,Section 3,3,-2,621
A5-03,Section 3,3,-2.01,622
A5-03,Section 3,3,-2.05,623
A5-03,Section 3,3,-2.13,624
A5-03,Section 3,3,-2.2,625
A5-03,Section 3,3,-2.23,626
A5-03,Section 3,3,-2.28,627
A5-03,Section 3,3,-2.33,628
A5-03,Section 3,3,-2.36,629
A5-03,Section 3,3,-2.38,630
A5-03,Section 3,3,-2.4,631
A5-03,Section 3,3,-2.41,632
A5-03,Section 3,3,-2.42,633
A5-03,Section 3,3,-2.45,634
A5-03,Section 3,3,-2.53,635
A5-03,Section 3,3,-2.58,636
A5-03,Section 3,3,-2.59,637
A5-03,Section 3,3,-2.64,638
A5-03,Section 3,3,-2.71,639
A5-03,Section 3,3,-2.72,640
A5-03,Section 3,3,-2.73,641
A5-03,Section 3,3,-2.71,642
A5-03,Section 3,3,-2.74,643
A5-03,Section 3,3,-2.76,644
A5-03,Section 3,3,-2.74,645
A5-03,Section 3,3,-2.79,646
A5-03,Section 3,3,-2.86,647
A5-03,Section 3,3,-3.03,648
A5-03,Section 3,3,-3.16,649
A5-03,Section 3,3,-3.34,650
A5-03,Section 3,3,-11.31,651
A5-03,Section 3,3,-16.2,652
A5-03,Section 3,3,-12.06,653
A5-03,Section 3,3,-14.55,654
A5-03,Section 3,3,-11.82,655
A5-03,Section 3,3,-18.99,656
A5-03,Section 3,3,-18.18,657
A5-03,Section 3,3,-20.07,658
A5-03,Section 3,3,-21.36,659
A5-03,Section 3,3,-20.27,660
A5-03,Section 3,3,-19.59,661
A5-03,Section 3,3,-25.21,662
A5-03,Section 3,3,-21.22,663
A5-03,Section 3,3,-21.75,664
A5-03,Section 3,3,-30.26,665
A5-03,Section 3,3,-22.08,666
A5-03,Section 3,3,-28.41,667
A5-03,Section 3,3,-22.16,668
A5-03,Section 3,3,-24.94,669
A5-03,Section 3,3,-30.78,670
A5-03,Section 3,3,-33.65,671
A5-03,Section 3,3,-30.09,672
A5-03,Section 3,3,-34.36,673
A5-03,Section 3,3,-38.29,674
A5-03,Section 3,3,-34.4,675
A5-03,Section 3,3,-40.57,676
A5-03,Section 3,3,-46.29,677
A5-03,Section 3,3,-46.07,678
A5-03,Section 3,3,-44.38,679
A5-03,Section 3,3,-47.1,680
A5-03,Section 3,3,-46.69,681
A5-03,Section 3,3,-44.39,682
A5-03,Section 3,3,-44.93,683
A5-03,Section 3,3,-51.39,684
A5-03,Section 3,3,-49.66,685
A5-03,Section 3,3,-55.55,686
A5-03,Section 3,3,-55.28,687
A5-03,Section 3,3,-50.77,688
A5-03,Section 3,3,-53.62,689
A5-03,Section 3,3,-43.81,690
A5-03,Section 3,3,-52.85,691
A5-03,Section 3,3,-54.75,692
A5-03,Section 3,3,-56.93,693
A5-03,Section 3,3,-53.29,694
A5-03,Section 3,3,-57.22,695
A5-03,Section 3,3,-61.62,696
A5-03,Section 3,3,-47.66,697
A5-03,Section 3,3,-45.95,698
A5-03,Section 3,3,-45.37,699
A5-03,Section 3,3,-44.73,700
A5-03,Section 3,3,-42.42,701
A5-03,Section 3,3,-48.51,702
A5-03,Section 3,3,-40.37,703
A5-03,Section 3,3,-43.31,704
A5-03,Section 3,3,-42.21,705
A5-03,Section 3,3,-40.81,706
A5-03,Section 3,3,-47.42,707
A5-03,Section 3,3,-42.11,708
A5-03,Section 3,3,-49.04,709
A5-03,Section 3,3,-46.57,710
A5-03,Section 3,3,-44.57,711
A5-03,Section 3,3,-34.01,712
A5-03,Section 3,3,-45.34,713
A5-03,Section 3,3,-49.17,714
A5-03,Section 3,3,-43.39,715
A5-03,Section 3,3,-44.75,716
A5-03,Section 3,3,-42.09,717
A5-03,Section 3,3,-38.76,718
A5-03,Section 3,3,-52.02,719
A5-03,Section 3,3,-38.75,720
A5-03,Section 3,3,-39.41,721
A5-03,Section 3,3,-40.61,722
A5-03,Section 3,3,-36.31,723
A5-03,Section 3,3,-30.16,724
A5-03,Section 3,3,-29.39,725
A5-03,Section 3,3,-17.01,726
A5-03,Section 3,3,-22.62,727
A5-03,Section 3,3,-22.44,728
A5-03,Section 3,3,-19.41,729
A5-03,Section 3,3,-20.72,730
A5-03,Section 3,3,-16.63,731
A5-03,Section 3,3,-7.89,732
A5-03,Section 3,3,-10.07,733
A5-03,Section 3,3,-10.44,734
A5-03,Section 3,3,-9.86,735
A5-03,Section 3,3,-10.15,736
A5-03,Section 3,3,-8.34,737
A5-03,Section 3,3,-7.94,738
A5-03,Section 3,3,-7.65,739
A5-03,Section 3,3,-7.75,740
A5-03,Section 3,3,-5.1,741
A5-03,Section 3,3,-4.24,742
A5-03,Section 3,3,-4.04,743
A5-03,Section 3,3,-4.41,744
A5-03,Section 3,3,-3.45,745
A5-03,Section 3,3,-3.05,746
A5-03,Section 3,3,-2.96,747
A5-03,Section 3,3,-3.09,748
A5-03,Section 3,3,-2.9,749
A5-03,Section 3,3,-2.97,750
A5-03,Section 3,3,-2.8,751
A5-03,Section 3,3,-2.73,752
A5-03,Section 3,3,-2.7,753
A5-03,Section 3,3,-2.63,754
A5-03,Section 3,3,-2.52,755
A5-03,Section 3,3,-2.36,756
A5-03,Section 3,3,-2.26,757
A5-03,Section 3,3,-2.25,758
A5-03,Section 3,3,-2.22,759
A5-03,Section 3,3,-2.2,760
A5-03,Section 3,3,-2.14,761
A5-03,Section 3,3,-2.08,762
A5-03,Section 3,3,-2.05,763
A5-03,Section 3,3,-2.05,764
A5-03,Section 3,3,-1.99,765
A5-03,Section 3,3,-1.94,766
A5-03,Section 3,3,-1.87,767
A5-03,Section 3,3,-1.82,768
A5-03,Section 3,3,-1.8,769
A5-03,Section 3,3,-1.78,770
A5-03,Section 3,3,-1.73,771
A5-03,Section 3,3,-1.71,772
A5-03,Section 3,3,-1.72,773
A5-03,Section 3,3,-1.71,774
A5-03,Section 3,3,-1.7,775
A5-03,Section 3,3,-1.67,776
A5-03,Section 3,3,-1.66,777
A5-03,Section 3,3,-1.64,778
A5-03,Section 3,3,-1.65,779
A5-03,Section 3,3,-1.66,780
A5-03,Section 3,3,-1.66,781
A5-03,Section 3,3,-1.66,782
A5-03,Section 3,3,-1.67,783
A5-03,Section 3,3,-1.65,784
A5-03,Section 3,3,-1.63,785
A5-03,Section 3,3,-1.62,786
A5-03,Section 3,3,-1.59,787
A5-03,Section 3,3,-1.56,788
A5-03,Section 3,3,-1.55,789
A5-03,Section 3,3,-1.51,790
A5-03,Section 3,3,-1.49,791
A5-03,Section 3,3,-1.46,792
A5-03,Section 3,3,-1.43,793
A5-03,Section 3,3,-1.4,794
A5-03,Section 3,3,-1.35,795
A5-03,Section 3,3,-1.33,796
A5-03,Section 3,3,-1.28,797
A5-03,Section 3,3,-1.25,798
A5-03,Section 3,3,-1.21,799
A5-03,Section 3,3,-1.14,800
A5-03,Section 3,3,-1.09,801
A5-03,Section 3,3,-1.04,802
A5-03,Section 3,3,-0.99,803
A5-03,Section 3,3,-0.93,804
A5-03,Section 3,3,-0.85,805
A5-03,Section 3,3,-0.77,806
A5-03,Section 3,3,-0.69,807
A5-03,Section 3,3,-0.58,808
A5-03,Section 3,3,-0.19,809
A5-03,Section 3,3,-0.07,810
A5-03,Section 3,3,-0.07,811
A5-03,Section 3,3,0.25,812
A5-03,Section 3,3,0.43,813
A5-03,Section 3,3,0.5,814
A5-03,Section 3,3,0.42,815
A5-03,Section 3,3,0.02,816
A5-03,Section 3,3,0.01,817
A5-03,Section 3,3,0.06,818
A5-03,Section 3,3,0.12,819
A5-03,Section 3,3,0.25,820
A5-03,Section 3,3,0.29,821
A5-03,Section 3,3,0.45,822
A5-03,Section 3,3,0.46,823
A5-03,Section 3,3,0.52,824
A5-03,Section 3,3,0.51,825
A5-03,Section 3,3,0.64,826
A5-03,Section 3,3,0.86,827
A5-03,Section 3,3,0.98,828
A5-03,Section 3,3,1.22,829
A5-03,Section 3,3,1.24,830
A5-03,Section 3,3,1.41,831
A5-03,Section 3,3,1.48,832
A5-03,Section 3,3,1.41,833
A5-03,Section 3,3,1.35,834
A5-03,Section 3,3,1.29,835
A5-03,Section 3,3,1.26,836
A5-03,Section 3,3,1.47,837
A5-03,Section 3,3,1.5,838
A5-03,Section 3,3,1.52,839
A5-03,Section 3,3,1.67,840
A5-03,Section 3,3,2.06,841
A5-03,Section 3,3,2.03,842
A5-03,Section 3,3,1.76,843
A5-03,Section 3,3,1.69,844
A5-03,Section 3,3,1.66,845
A5-03,Section 3,3,1.66,846
A5-03,Section 3,3,1.67,847
A5-03,Section 3,3,0,848
A5-03,Section 3,3,0,849
A5-03,Section 3,3,0,850
A5-03,Section 3,3,0,851
A5-03,Section 3,3,0,852
A5-03,Section 3,3,0,853
A5-03,Section 3,3,0,854
A5-03,Section 3,3,0,855
A5-03,Section 3,3,0,856
